{
  "background_0": {
    "best": 1.0529626920471875e-06,
    "index": 1,
    "integer": false,
    "label": "background_0",
    "mean": 1.0427429899335268e-06,
    "median": 1.0439126042052995e-06,
    "p68": [
      1.0011098369545745e-06,
      1.0867792485934686e-06
    ],
    "p68_range": [
      1.0011098369545745e-06,
      1.0867792485934686e-06
    ],
    "p95": [
      9.644392677119694e-07,
      1.1151352487229986e-06
    ],
    "p95_range": [
      9.644392677119694e-07,
      1.1151352487229986e-06
    ],
    "std": 4.107972997974826e-08
  },
  "background_1": {
    "best": 3.98752991908393e-06,
    "index": 17,
    "integer": false,
    "label": "background_1",
    "mean": 3.986316293926792e-06,
    "median": 3.984733388363399e-06,
    "p68": [
      3.920132270848868e-06,
      4.053527552418302e-06
    ],
    "p68_range": [
      3.920132270848868e-06,
      4.053527552418302e-06
    ],
    "p95": [
      3.864698919973939e-06,
      4.1074072264706306e-06
    ],
    "p95_range": [
      3.864698919973939e-06,
      4.1074072264706306e-06
    ],
    "std": 6.360569757312893e-08
  },
  "bilayer_roughness": {
    "best": 4.966557459902397,
    "index": 15,
    "integer": false,
    "label": "bilayer_roughness",
    "mean": 4.991816998986658,
    "median": 5.018146580857771,
    "p68": [
      4.714678588553867,
      5.257588296222456
    ],
    "p68_range": [
      4.714678588553867,
      5.257588296222456
    ],
    "p95": [
      4.50031318219227,
      5.432213213295713
    ],
    "p95_range": [
      4.50031318219227,
      5.432213213295713
    ],
    "std": 0.26012582374026316
  },
  "inner_acyl_chain_thickness": {
    "best": 10.897951364670975,
    "index": 12,
    "integer": false,
    "label": "inner_acyl_chain_thickness",
    "mean": 11.041409750767295,
    "median": 11.04510771131058,
    "p68": [
      10.769681009542476,
      11.29617743011645
    ],
    "p68_range": [
      10.769681009542476,
      11.29617743011645
    ],
    "p95": [
      10.558411080693812,
      11.496163567631289
    ],
    "p95_range": [
      10.558411080693812,
      11.496163567631289
    ],
    "std": 0.2519337217757017
  },
  "intensity": {
    "best": 0.9997593677686814,
    "index": 2,
    "integer": false,
    "label": "intensity",
    "mean": 0.9999514980904524,
    "median": 0.9999426832486777,
    "p68": [
      0.9989522232470369,
      1.0009987316777877
    ],
    "p68_range": [
      0.9989522232470369,
      1.0009987316777877
    ],
    "p95": [
      0.9980529088954307,
      1.0017455900343704
    ],
    "p95_range": [
      0.9980529088954307,
      1.0017455900343704
    ],
    "std": 0.0009745206092052426
  },
  "outer_acyl_chain_thickness": {
    "best": 13.622014797256062,
    "index": 13,
    "integer": false,
    "label": "outer_acyl_chain_thickness",
    "mean": 13.553313639747092,
    "median": 13.571819627384384,
    "p68": [
      13.260391988151692,
      13.824258417275251
    ],
    "p68_range": [
      13.260391988151692,
      13.824258417275251
    ],
    "p95": [
      12.982906877117216,
      14.07439204054914
    ],
    "p95_range": [
      12.982906877117216,
      14.07439204054914
    ],
    "std": 0.28131323420353266
  },
  "rho_siox": {
    "best": 3.761928761143385,
    "index": 6,
    "integer": false,
    "label": "rho_siox",
    "mean": 3.7312667916212394,
    "median": 3.623924488500492,
    "p68": [
      3.233534497178407,
      4.279971257536332
    ],
    "p68_range": [
      3.233534497178407,
      4.279971257536332
    ],
    "p95": [
      3.123962226149137,
      4.969440653285258
    ],
    "p95_range": [
      3.123962226149137,
      4.969440653285258
    ],
    "std": 0.5014148886848835
  },
  "rho_solv_0": {
    "best": 6.252392774555141,
    "index": 10,
    "integer": false,
    "label": "rho_solv_0",
    "mean": 6.217276380563961,
    "median": 6.216293078127533,
    "p68": [
      6.183503097326141,
      6.25025895701724
    ],
    "p68_range": [
      6.183503097326141,
      6.25025895701724
    ],
    "p95": [
      6.159018068512782,
      6.2776608817806325
    ],
    "p95_range": [
      6.159018068512782,
      6.2776608817806325
    ],
    "std": 0.03143912212944394
  },
  "rho_solv_1": {
    "best": -0.5325259656401454,
    "index": 18,
    "integer": false,
    "label": "rho_solv_1",
    "mean": -0.5394686700129591,
    "median": -0.5394490571017622,
    "p68": [
      -0.555444807189508,
      -0.5246813094219134
    ],
    "p68_range": [
      -0.555444807189508,
      -0.5246813094219134
    ],
    "p95": [
      -0.5681727386841628,
      -0.5096056037645798
    ],
    "p95_range": [
      -0.5681727386841628,
      -0.5096056037645798
    ],
    "std": 0.015324963244153906
  },
  "rho_tiox": {
    "best": -1.010312976252475,
    "index": 8,
    "integer": false,
    "label": "rho_tiox",
    "mean": -0.997910390407835,
    "median": -0.9977634863505656,
    "p68": [
      -1.0102021623655109,
      -0.9860367538047682
    ],
    "p68_range": [
      -1.0102021623655109,
      -0.9860367538047682
    ],
    "p95": [
      -1.020754388122005,
      -0.9771336582420371
    ],
    "p95_range": [
      -1.020754388122005,
      -0.9771336582420371
    ],
    "std": 0.01159767690220095
  },
  "sample_broadening": {
    "best": -0.00037802217508243585,
    "index": 3,
    "integer": false,
    "label": "sample_broadening",
    "mean": -0.0005322588065027669,
    "median": -0.0004884903961684839,
    "p68": [
      -0.001142998500487387,
      1.6953284766040255e-05
    ],
    "p68_range": [
      -0.001142998500487387,
      1.6953284766040255e-05
    ],
    "p95": [
      -0.0017872217062242877,
      0.0005846941538804319
    ],
    "p95_range": [
      -0.0017872217062242877,
      0.0005846941538804319
    ],
    "std": 0.0006074888433281679
  },
  "siox_interface": {
    "best": 6.985008806463618,
    "index": 5,
    "integer": false,
    "label": "siox_interface",
    "mean": 6.935771645279046,
    "median": 6.955573164231306,
    "p68": [
      6.547953759436438,
      7.298913637792296
    ],
    "p68_range": [
      6.547953759436438,
      7.298913637792296
    ],
    "p95": [
      6.300222578374919,
      7.606843787465762
    ],
    "p95_range": [
      6.300222578374919,
      7.606843787465762
    ],
    "std": 0.34442699306275976
  },
  "siox_thickness": {
    "best": 12.764728014746538,
    "index": 7,
    "integer": false,
    "label": "siox_thickness",
    "mean": 13.509167557782813,
    "median": 13.665761703903762,
    "p68": [
      10.81235328075805,
      15.940451690100371
    ],
    "p68_range": [
      10.81235328075805,
      15.940451690100371
    ],
    "p95": [
      9.097712616955208,
      17.091722781225553
    ],
    "p95_range": [
      9.097712616955208,
      17.091722781225553
    ],
    "std": 2.327356750029397
  },
  "submembrane_thickness": {
    "best": 13.99057271647064,
    "index": 14,
    "integer": false,
    "label": "submembrane_thickness",
    "mean": 14.052991759743154,
    "median": 14.066595384819168,
    "p68": [
      13.853279162495845,
      14.240454370249694
    ],
    "p68_range": [
      13.853279162495845,
      14.240454370249694
    ],
    "p95": [
      13.676160906412841,
      14.401256243033878
    ],
    "p95_range": [
      13.676160906412841,
      14.401256243033878
    ],
    "std": 0.19455622606404613
  },
  "theta_offset": {
    "best": 0.0014063156203689552,
    "index": 4,
    "integer": false,
    "label": "theta_offset",
    "mean": 2.4264452810795245e-05,
    "median": 2.4754692983479052e-05,
    "p68": [
      -0.0013036174788177406,
      0.0013311788863883565
    ],
    "p68_range": [
      -0.0013036174788177406,
      0.0013311788863883565
    ],
    "p95": [
      -0.002324967314070093,
      0.002406328515248313
    ],
    "p95_range": [
      -0.002324967314070093,
      0.002406328515248313
    ],
    "std": 0.0012513862185488478
  },