{
  "background0": {
    "best": 0.15890040514291132,
    "index": 1,
    "integer": false,
    "label": "background0",
    "mean": 0.15896731973772052,
    "median": 0.15898777481373663,
    "p68": [
      0.15887986251719452,
      0.15906001902855368
    ],
    "p68_range": [
      0.15887986251719452,
      0.15906001902855368
    ],
    "p95": [
      0.1586052549121743,
      0.15920349234313905
    ],
    "p95_range": [
      0.1586052549121743,
      0.15920349234313905
    ],
    "std": 0.00011998346281382393
  },
  "background1": {
    "best": 0.29550285114405966,
    "index": 7,
    "integer": false,
    "label": "background1",
    "mean": 0.29551579102869,
    "median": 0.2955207968361264,
    "p68": [
      0.29542381542513824,
      0.29563206255047103
    ],
    "p68_range": [
      0.29542381542513824,
      0.29563206255047103
    ],
    "p95": [
      0.2951851145127131,
      0.2957021780394191
    ],
    "p95_range": [
      0.2951851145127131,
      0.2957021780394191
    ],
    "std": 0.00012018487902372211
  },
  "radius": {
    "best": 59.44547721506528,
    "index": 2,
    "integer": false,
    "label": "radius",
    "mean": 63.95076353090848,
    "median": 63.0695979115586,
    "p68": [
      59.801909481180836,
      68.89351839529586
    ],
    "p68_range": [
      59.801909481180836,
      68.89351839529586
    ],
    "p95": [
      58.5427513510457,
      75.16127594194106
    ],
    "p95_range": [
      58.5427513510457,
      75.16127594194106
    ],
    "std": 4.416608977677764
  },
  "radius_pd": {
    "best": 0.49508479090026886,
    "index": 3,
    "integer": false,
    "label": "radius_pd",
    "mean": 0.439108579065109,
    "median": 0.45227517637178605,
    "p68": [
      0.3792502498766564,
      0.4880091429884959
    ],
    "p68_range": [
      0.3792502498766564,
      0.4880091429884959
    ],
    "p95": [
      0.3303806810132292,
      0.4958439399889068
    ],
    "p95_range": [
      0.3303806810132292,
      0.4958439399889068
    ],
    "std": 0.04868957779751991
  },
  "scale": {
    "best": 0.004833688132626347,
    "index": 4,
    "integer": false,
    "label": "scale",
    "mean": 0.002462590556870716,
    "median": 0.0022606090058803737,
    "p68": [
      0.001244019422354057,
      0.0036505508531735685
    ],
    "p68_range": [
      0.001244019422354057,
      0.0036505508531735685
    ],
    "p95": [
      0.0010264941117454883,
      0.005322133247259266
    ],
    "p95_range": [
      0.0010264941117454883,
      0.005322133247259266
    ],
    "std": 0.0011262902614435951
  },
  "sld": {
    "best": 2.1390514082126417,
    "index": 5,
    "integer": false,
    "label": "sld",
    "mean": 2.9351289240289664,
    "median": 2.806598152024114,
    "p68": [
      2.2593444846009474,
      3.6904453647234035
    ],
    "p68_range": [
      2.2593444846009474,
      3.6904453647234035
    ],
    "p95": [
      2.029247030476493,
      3.941768997295919
    ],
    "p95_range": [
      2.029247030476493,
      3.941768997295919
    ],
    "std": 0.5943700632690962
  },
  "sld_solvent0": {
    "best": 1.4888335151509267,
    "index": 6,
    "integer": false,
    "label": "sld_solvent0",
    "mean": 2.8932663208984977,
    "median": 2.8199335465722366,
    "p68": [
      1.5495115338290077,
      4.152068403229679
    ],
    "p68_range": [
      1.5495115338290077,
      4.152068403229679
    ],
    "p95": [
      0.9633628481314074,
      5.158479860597188
    ],
    "p95_range": [
      0.9633628481314074,
      5.158479860597188
    ],
    "std": 1.1630756780903904
  },
  "sld_solvent1": {
    "best": 2.270754268079006,
    "index": 8,
    "integer": false,
    "label": "sld_solvent1",
    "mean": 2.9459935372681096,
    "median": 2.8733984090059566,
    "p68": [
      2.2707532627700884,
      3.698901834581409
    ],
    "p68_range": [
      2.2707532627700884,
      3.698901834581409
    ],
    "p95": [
      1.8696551107700334,
      4.144871090802612
    ],
    "p95_range": [
      1.8696551107700334,
      4.144871090802612
    ],
    "std": 0.6469039893653776
  }
}