{
  "background_0": {
    "best": 1.134109864371776e-06,
    "index": 1,
    "integer": false,
    "label": "background_0",
    "mean": 1.1227551886021726e-06,
    "median": 1.1219964099554564e-06,
    "p68": [
      1.090847443063409e-06,
      1.1598358746744167e-06
    ],
    "p68_range": [
      1.090847443063409e-06,
      1.1598358746744167e-06
    ],
    "p95": [
      1.0478489055501161e-06,
      1.188776123067665e-06
    ],
    "p95_range": [
      1.0478489055501161e-06,
      1.188776123067665e-06
    ],
    "std": 3.5694153970446985e-08
  },
  "background_1": {
    "best": 3.9613241763068e-06,
    "index": 17,
    "integer": false,
    "label": "background_1",
    "mean": 3.982159723172507e-06,
    "median": 3.9806427116350495e-06,
    "p68": [
      3.922335687171988e-06,
      4.043571208561077e-06
    ],
    "p68_range": [
      3.922335687171988e-06,
      4.043571208561077e-06
    ],
    "p95": [
      3.85797339644251e-06,
      4.097685409819773e-06
    ],
    "p95_range": [
      3.85797339644251e-06,
      4.097685409819773e-06
    ],
    "std": 6.15429052287628e-08
  },
  "bilayer_roughness": {
    "best": 5.39278102547767,
    "index": 15,
    "integer": false,
    "label": "bilayer_roughness",
    "mean": 5.372942998618595,
    "median": 5.3658420438114725,
    "p68": [
      5.116821610250468,
      5.610114291788041
    ],
    "p68_range": [
      5.116821610250468,
      5.610114291788041
    ],
    "p95": [
      4.833640906837631,
      5.92446837974433
    ],
    "p95_range": [
      4.833640906837631,
      5.92446837974433
    ],
    "std": 0.2688010738578904
  },
  "inner_acyl_chain_thickness": {
    "best": 10.856330224479354,
    "index": 12,
    "integer": false,
    "label": "inner_acyl_chain_thickness",
    "mean": 10.860971888250974,
    "median": 10.860812410903183,
    "p68": [
      10.625265046880287,
      11.104194965408647
    ],
    "p68_range": [
      10.625265046880287,
      11.104194965408647
    ],
    "p95": [
      10.38281263675168,
      11.310086316374486
    ],
    "p95_range": [
      10.38281263675168,
      11.310086316374486
    ],
    "std": 0.24974978810285678
  },
  "intensity": {
    "best": 0.9999669916756833,
    "index": 2,
    "integer": false,
    "label": "intensity",
    "mean": 1.0000442362859092,
    "median": 1.0000479554587873,
    "p68": [
      0.9990631313148859,
      1.000990740242229
    ],
    "p68_range": [
      0.9990631313148859,
      1.000990740242229
    ],
    "p95": [
      0.998098676892349,
      1.0020864305312998
    ],
    "p95_range": [
      0.998098676892349,
      1.0020864305312998
    ],
    "std": 0.0010091350798808263
  },
  "outer_acyl_chain_thickness": {
    "best": 13.439259474052571,
    "index": 13,
    "integer": false,
    "label": "outer_acyl_chain_thickness",
    "mean": 13.43131866340247,
    "median": 13.44383411622193,
    "p68": [
      13.125493261276052,
      13.710162431369984
    ],
    "p68_range": [
      13.125493261276052,
      13.710162431369984
    ],
    "p95": [
      12.924571744032736,
      13.983250654776306
    ],
    "p95_range": [
      12.924571744032736,
      13.983250654776306
    ],
    "std": 0.27920030873208074
  },
  "rho_siox": {
    "best": 3.5566057939717113,
    "index": 6,
    "integer": false,
    "label": "rho_siox",
    "mean": 3.6809894642242273,
    "median": 3.6031191338495376,
    "p68": [
      3.179197338852832,
      4.139885226262202
    ],
    "p68_range": [
      3.179197338852832,
      4.139885226262202
    ],
    "p95": [
      3.1103746559508894,
      4.762988248057746
    ],
    "p95_range": [
      3.1103746559508894,
      4.762988248057746
    ],
    "std": 0.46673084787665187
  },
  "rho_solv_0": {
    "best": 6.250913606172015,
    "index": 10,
    "integer": false,
    "label": "rho_solv_0",
    "mean": 6.251204940343874,
    "median": 6.2509392876022245,
    "p68": [
      6.229406323788489,
      6.27252168377376
    ],
    "p68_range": [
      6.229406323788489,
      6.27252168377376
    ],
    "p95": [
      6.208974062581129,
      6.287229651648418
    ],
    "p95_range": [
      6.208974062581129,
      6.287229651648418
    ],
    "std": 0.02187303994530869
  },
  "rho_solv_1": {
    "best": -0.5103271594062461,
    "index": 18,
    "integer": false,
    "label": "rho_solv_1",
    "mean": -0.5237480259191989,
    "median": -0.5243841081551566,
    "p68": [
      -0.5423266826687513,
      -0.505536711197231
    ],
    "p68_range": [
      -0.5423266826687513,
      -0.505536711197231
    ],
    "p95": [
      -0.5547349083960046,
      -0.48958407490322603
    ],
    "p95_range": [
      -0.5547349083960046,
      -0.48958407490322603
    ],
    "std": 0.017805897371263344
  },
  "rho_tiox": {
    "best": 0.011382589480927012,
    "index": 8,
    "integer": false,
    "label": "rho_tiox",
    "mean": 0.0019743182750206084,
    "median": 0.0017420812781201193,
    "p68": [
      -0.0053578264096803795,
      0.00906017660859167
    ],
    "p68_range": [
      -0.0053578264096803795,
      0.00906017660859167
    ],
    "p95": [
      -0.01151597526405372,
      0.015817295698966186
    ],
    "p95_range": [
      -0.01151597526405372,
      0.015817295698966186
    ],
    "std": 0.006912016524774329
  },
  "sample_broadening": {
    "best": 0.00012561527881972958,
    "index": 3,
    "integer": false,
    "label": "sample_broadening",
    "mean": 0.00010591932060442087,
    "median": 0.00011551222128583116,
    "p68": [
      -0.00041591596890125083,
      0.0006573373962558062
    ],
    "p68_range": [
      -0.00041591596890125083,
      0.0006573373962558062
    ],
    "p95": [
      -0.0009309788311743207,
      0.0011138958939520714
    ],
    "p95_range": [
      -0.0009309788311743207,
      0.0011138958939520714
    ],
    "std": 0.0005327709642940268
  },
  "siox_interface": {
    "best": 7.0491409606748565,
    "index": 5,
    "integer": false,
    "label": "siox_interface",
    "mean": 6.986476023980341,
    "median": 7.010761963258994,
    "p68": [
      6.510550260787154,
      7.455375237108526
    ],
    "p68_range": [
      6.510550260787154,
      7.455375237108526
    ],
    "p95": [
      6.235351849899437,
      7.693277750928451
    ],
    "p95_range": [
      6.235351849899437,
      7.693277750928451
    ],
    "std": 0.41907180006432365
  },
  "siox_thickness": {
    "best": 14.44816094778226,
    "index": 7,
    "integer": false,
    "label": "siox_thickness",
    "mean": 13.917087351472553,
    "median": 13.815241276424308,
    "p68": [
      11.150301526650273,
      17.082365504548992
    ],
    "p68_range": [
      11.150301526650273,
      17.082365504548992
    ],
    "p95": [
      9.237152751737018,
      17.87620709459199
    ],
    "p95_range": [
      9.237152751737018,
      17.87620709459199
    ],
    "std": 2.5577840448021236
  },
  "submembrane_thickness": {
    "best": 14.323882515909848,
    "index": 14,
    "integer": false,
    "label": "submembrane_thickness",
    "mean": 14.313804088748057,
    "median": 14.319094754779613,
    "p68": [
      14.09527894557052,
      14.517389865486177
    ],
    "p68_range": [
      14.09527894557052,
      14.517389865486177
    ],
    "p95": [
      13.92308085015395,
      14.705083497183455
    ],
    "p95_range": [
      13.92308085015395,
      14.705083497183455
    ],
    "std": 0.2055005673119807
  },
  "theta_offset": {
    "best": 0.0013473237540560783,
    "index": 4,
    "integer": false,
    "label": "theta_offset",
    "mean": 0.0013737684143274248,
    "median": 0.0013769829363339129,
    "p68": [
      0.0005122807106667673,
      0.0022452089452024886
    ],
    "p68_range": [
      0.0005122807106667673,
      0.0022452089452024886
    ],
    "p95": [
      -0.0002905681529654908,
      0.0027733090275584137
    ],
    "p95_range": [
      -0.0002905681529654908,
      0.0027733090275584137
    ],
    "std": 0.0008625975687482983
  },