{
  "background": {
    "best": 0.018632713793234636,
    "index": 1,
    "integer": false,
    "label": "background",
    "mean": 0.0660459746147222,
    "median": 0.051013405188829276,
    "p68": [
      0.012927418620224758,
      0.12422159063825146
    ],
    "p68_range": [
      0.012927418620224758,
      0.12422159063825146
    ],
    "p95": [
      0.0031835054225301217,
      0.21212657333949891
    ],
    "p95_range": [
      0.0031835054225301217,
      0.21212657333949891
    ],
    "std": 0.05922762174310811
  },
  "charge": {
    "best": 15.837266496411887,
    "index": 2,
    "integer": false,
    "label": "charge",
    "mean": 8.585258738183862,
    "median": 8.457683042233207,
    "p68": [
      2.080840373113306,
      15.837266496411887
    ],
    "p68_range": [
      2.080840373113306,
      15.837266496411887
    ],
    "p95": [
      0.3948035189131065,
      18.550421183600037
    ],
    "p95_range": [
      0.3948035189131065,
      18.550421183600037
    ],
    "std": 5.821517404066793
  },
  "concentration_salt": {
    "best": 0.9567991678527854,
    "index": 3,
    "integer": false,
    "label": "concentration_salt",
    "mean": 0.5381340834681122,
    "median": 0.5987105514242472,
    "p68": [
      0.16905094570783652,
      0.8881984014976543
    ],
    "p68_range": [
      0.16905094570783652,
      0.8881984014976543
    ],
    "p95": [
      0.046497574592939704,
      0.9762789257345512
    ],
    "p95_range": [
      0.046497574592939704,
      0.9762789257345512
    ],
    "std": 0.3008784971892542
  },
  "dielectconst": {
    "best": 78.37082047284396,
    "index": 4,
    "integer": false,
    "label": "dielectconst",
    "mean": 51.06279753588218,
    "median": 49.33194036002897,
    "p68": [
      21.702382280874065,
      84.62279283993037
    ],
    "p68_range": [
      21.702382280874065,
      84.62279283993037
    ],
    "p95": [
      3.356229005670049,
      99.009185010057
    ],
    "p95_range": [
      3.356229005670049,
      99.009185010057
    ],
    "std": 27.804994577648998
  },
  "radius_equatorial": {
    "best": 19.95823428272039,
    "index": 5,
    "integer": false,
    "label": "radius_equatorial",
    "mean": 17.922799885752966,
    "median": 19.393805398104,
    "p68": [
      12.796980849921349,
      23.57744915374818
    ],
    "p68_range": [
      12.796980849921349,
      23.57744915374818
    ],
    "p95": [
      1.6457521185095128,
      24.85169291714855
    ],
    "p95_range": [
      1.6457521185095128,
      24.85169291714855
    ],
    "std": 5.640013162853288
  },
  "radius_polar": {
    "best": 9.942615044637304,
    "index": 6,
    "integer": false,
    "label": "radius_polar",
    "mean": 5.325379203104763,
    "median": 5.43430004704263,
    "p68": [
      1.5777125161237033,
      8.915535500863355
    ],
    "p68_range": [
      1.5777125161237033,
      8.915535500863355
    ],
    "p95": [
      0.4426695036240929,
      9.829874704820838
    ],
    "p95_range": [
      0.4426695036240929,
      9.829874704820838
    ],
    "std": 3.0478131136378352
  },
  "scale": {
    "best": 26.08645245556177,
    "index": 7,
    "integer": false,
    "label": "scale",
    "mean": 25.09152554604232,
    "median": 23.834111164465032,
    "p68": [
      4.759523454314398,
      45.875049365338995
    ],
    "p68_range": [
      4.759523454314398,
      45.875049365338995
    ],
    "p95": [
      1.125701586131538,
      59.370597129293785
    ],
    "p95_range": [
      1.125701586131538,
      59.370597129293785
    ],
    "std": 18.081405980331187
  },
  "sld": {
    "best": 5.867542000967371,
    "index": 8,
    "integer": false,
    "label": "sld",
    "mean": 3.88836684930391,
    "median": 3.6391225086759498,
    "p68": [
      0.8390486621650443,
      6.71809645860413
    ],
    "p68_range": [
      0.8390486621650443,
      6.71809645860413
    ],
    "p95": [
      -1.3893135760397672,
      9.639139737116942
    ],
    "p95_range": [
      -1.3893135760397672,
      9.639139737116942
    ],
    "std": 2.9324549166050184
  },
  "sld_solvent": {
    "best": 4.073526558403706,
    "index": 9,
    "integer": false,
    "label": "sld_solvent",
    "mean": 2.710811043903553,
    "median": 2.8642246335769683,
    "p68": [
      1.0699627238931226,
      4.262663372657448
    ],
    "p68_range": [
      1.0699627238931226,
      4.262663372657448
    ],
    "p95": [
      0.1129520252624866,
      4.884226056348265
    ],
    "p95_range": [
      0.1129520252624866,
      4.884226056348265
    ],
    "std": 1.4820292440433496
  },
  "temperature": {
    "best": 546.2963569717268,
    "index": 10,
    "integer": false,
    "label": "temperature",
    "mean": 417.0592018595581,
    "median": 370.67221075316877,
    "p68": [
      92.82521593702691,
      752.8980629580882
    ],
    "p68_range": [
      92.82521593702691,
      752.8980629580882
    ],
    "p95": [
      24.782778558867832,
      987.3531609889081
    ],
    "p95_range": [
      24.782778558867832,
      987.3531609889081
    ],
    "std": 286.94817421387336
  },
  "volfraction": {
    "best": 0.007332413152334208,
    "index": 11,
    "integer": false,
    "label": "volfraction",
    "mean": 0.03656968768474874,
    "median": 0.03057499606248588,
    "p68": [
      0.007181119147354579,
      0.07042656593108007
    ],
    "p68_range": [
      0.007181119147354579,
      0.07042656593108007
    ],
    "p95": [
      0.001328038469223743,
      0.09436526816425136
    ],
    "p95_range": [
      0.001328038469223743,
      0.09436526816425136
    ],
    "std": 0.028517539367876026
  }
}