{
  "length": {
    "best": 33.955108230032494,
    "index": 1,
    "integer": false,
    "label": "length",
    "mean": 64.6627526774746,
    "median": 35.43201975154552,
    "p68": [
      13.848911965815473,
      152.65832138101803
    ],
    "p68_range": [
      13.848911965815473,
      152.65832138101803
    ],
    "p95": [
      10.762276955680695,
      195.16790359166362
    ],
    "p95_range": [
      10.762276955680695,
      195.16790359166362
    ],
    "std": 58.77547124016932
  },
  "radius": {
    "best": 11.976932131101941,
    "index": 2,
    "integer": false,
    "label": "radius",
    "mean": 65.89087842321977,
    "median": 25.137377378279183,
    "p68": [
      13.999983348978375,
      157.40920079427204
    ],
    "p68_range": [
      13.999983348978375,
      157.40920079427204
    ],
    "p95": [
      11.070783307253516,
      197.70213886258446
    ],
    "p95_range": [
      11.070783307253516,
      197.70213886258446
    ],
    "std": 65.89081151807756
  },
  "scale": {
    "best": 0.0811648218459585,
    "index": 3,
    "integer": false,
    "label": "scale",
    "mean": 0.24050148856037956,
    "median": 0.12545764471219972,
    "p68": [
      0.018034908107851924,
      0.5088551409046844
    ],
    "p68_range": [
      0.018034908107851924,
      0.5088551409046844
    ],
    "p95": [
      0.0034393280829165826,
      0.9327182273921378
    ],
    "p95_range": [
      0.0034393280829165826,
      0.9327182273921378
    ],
    "std": 0.2672233698936234
  },
  "sld_core": {
    "best": 2.1561735269633533,
    "index": 4,
    "integer": false,
    "label": "sld_core",
    "mean": 3.302823755190494,
    "median": 3.0324250408226847,
    "p68": [
      0.7903539974157496,
      6.341826640275744
    ],
    "p68_range": [
      0.7903539974157496,
      6.341826640275744
    ],
    "p95": [
      -0.6386585314579285,
      6.829988353658828
    ],
    "p95_range": [
      -0.6386585314579285,
      6.829988353658828
    ],
    "std": 2.3312421128124567
  },
  "sld_shell": {
    "best": 4.323300368731495,
    "index": 5,
    "integer": false,
    "label": "sld_shell",
    "mean": 2.7168472627635505,
    "median": 2.988331139726878,
    "p68": [
      0.28806926040829434,
      4.747160618685673
    ],
    "p68_range": [
      0.28806926040829434,
      4.747160618685673
    ],
    "p95": [
      -0.5096752834630988,
      6.406688959073471
    ],
    "p95_range": [
      -0.5096752834630988,
      6.406688959073471
    ],
    "std": 2.066558869645821
  },
  "sld_solvent": {
    "best": 4.33267489693178,
    "index": 6,
    "integer": false,
    "label": "sld_solvent",
    "mean": 2.7152181249238843,
    "median": 2.7529756266703544,
    "p68": [
      0.5021082732928289,
      4.749613076462572
    ],
    "p68_range": [
      0.5021082732928289,
      4.749613076462572
    ],
    "p95": [
      -0.38393987074680824,
      6.194463898498546
    ],
    "p95_range": [
      -0.38393987074680824,
      6.194463898498546
    ],
    "std": 2.008155115875753
  },
  "thickness": {
    "best": 22.4835237087576,
    "index": 7,
    "integer": false,
    "label": "thickness",
    "mean": 40.87129662558792,
    "median": 26.36896764496379,
    "p68": [
      14.908108639305327,
      62.54234681411172
    ],
    "p68_range": [
      14.908108639305327,
      62.54234681411172
    ],
    "p95": [
      11.161438733010042,
      158.7989563506141
    ],
    "p95_range": [
      11.161438733010042,
      158.7989563506141
    ],
    "std": 35.945329973598355
  }
}