{
  "background_0": {
    "best": 1.0046992964376012e-06,
    "index": 1,
    "integer": false,
    "label": "background_0",
    "mean": 2.083886655285537e-06,
    "median": 1.73360945257935e-06,
    "p68": [
      7.96384524903304e-07,
      3.5040857765365807e-06
    ],
    "p68_range": [
      7.96384524903304e-07,
      3.5040857765365807e-06
    ],
    "p95": [
      1.0894924204177268e-07,
      5.702932385415575e-06
    ],
    "p95_range": [
      1.0894924204177268e-07,
      5.702932385415575e-06
    ],
    "std": 1.4000512591620491e-06
  },
  "background_1": {
    "best": 2.6619353605378577e-06,
    "index": 17,
    "integer": false,
    "label": "background_1",
    "mean": 4.318518714721665e-06,
    "median": 4.143262054138563e-06,
    "p68": [
      1.5522511270960948e-06,
      7.090357181533287e-06
    ],
    "p68_range": [
      1.5522511270960948e-06,
      7.090357181533287e-06
    ],
    "p95": [
      3.412516591211365e-07,
      9.4526217795301e-06
    ],
    "p95_range": [
      3.412516591211365e-07,
      9.4526217795301e-06
    ],
    "std": 2.471348536051728e-06
  },
  "bilayer_roughness": {
    "best": 3.2655496129563226,
    "index": 15,
    "integer": false,
    "label": "bilayer_roughness",
    "mean": 4.799896098818466,
    "median": 4.675587470387122,
    "p68": [
      2.8361596309711636,
      6.761315264311792
    ],
    "p68_range": [
      2.8361596309711636,
      6.761315264311792
    ],
    "p95": [
      2.154063232566456,
      8.11187339066895
    ],
    "p95_range": [
      2.154063232566456,
      8.11187339066895
    ],
    "std": 1.7332488481626274
  },
  "inner_acyl_chain_thickness": {
    "best": 13.045816438474066,
    "index": 12,
    "integer": false,
    "label": "inner_acyl_chain_thickness",
    "mean": 12.149896733546454,
    "median": 12.101042612479645,
    "p68": [
      9.520433029358175,
      14.716500871866586
    ],
    "p68_range": [
      9.520433029358175,
      14.716500871866586
    ],
    "p95": [
      8.36918020565895,
      15.880831800486522
    ],
    "p95_range": [
      8.36918020565895,
      15.880831800486522
    ],
    "std": 2.1932336571707247
  },
  "intensity": {
    "best": 0.9732162496066029,
    "index": 2,
    "integer": false,
    "label": "intensity",
    "mean": 0.9830337870983072,
    "median": 0.9835023295007064,
    "p68": [
      0.933638616215656,
      1.0285090147955531
    ],
    "p68_range": [
      0.933638616215656,
      1.0285090147955531
    ],
    "p95": [
      0.9095010794123408,
      1.0470413733677948
    ],
    "p95_range": [
      0.9095010794123408,
      1.0470413733677948
    ],
    "std": 0.042490160470075033
  },
  "outer_acyl_chain_thickness": {
    "best": 12.76067127853156,
    "index": 13,
    "integer": false,
    "label": "outer_acyl_chain_thickness",
    "mean": 12.320384681595112,
    "median": 12.357325319201493,
    "p68": [
      9.568299254628986,
      14.912582943437917
    ],
    "p68_range": [
      9.568299254628986,
      14.912582943437917
    ],
    "p95": [
      8.306322499480114,
      15.817190809535948
    ],
    "p95_range": [
      8.306322499480114,
      15.817190809535948
    ],
    "std": 2.227878991797322
  },
  "rho_siox": {
    "best": 4.51718208074508,
    "index": 6,
    "integer": false,
    "label": "rho_siox",
    "mean": 3.783259139009527,
    "median": 3.6546076072630127,
    "p68": [
      3.242899464530664,
      4.445549222040122
    ],
    "p68_range": [
      3.242899464530664,
      4.445549222040122
    ],
    "p95": [
      3.1376015970062316,
      4.9152991427375525
    ],
    "p95_range": [
      3.1376015970062316,
      4.9152991427375525
    ],
    "std": 0.5340397134689808
  },
  "rho_solv_0": {
    "best": 5.81570914006193,
    "index": 10,
    "integer": false,
    "label": "rho_solv_0",
    "mean": 5.920452928787395,
    "median": 5.933495165931701,
    "p68": [
      5.697251003919878,
      6.134185154428461
    ],
    "p68_range": [
      5.697251003919878,
      6.134185154428461
    ],
    "p95": [
      5.469024681967452,
      6.309787419795132
    ],
    "p95_range": [
      5.469024681967452,
      6.309787419795132
    ],
    "std": 0.21007967451415313
  },
  "rho_solv_1": {
    "best": -0.46665309235215297,
    "index": 18,
    "integer": false,
    "label": "rho_solv_1",
    "mean": -0.003359437530154213,
    "median": -0.02444391912188,
    "p68": [
      -0.35429484273220974,
      0.381354597904315
    ],
    "p68_range": [
      -0.35429484273220974,
      0.381354597904315
    ],
    "p95": [
      -0.55933217275666,
      0.5611201067971529
    ],
    "p95_range": [
      -0.55933217275666,
      0.5611201067971529
    ],
    "std": 0.32212372628552766
  },
  "rho_tiox": {
    "best": 2.1559387846955915,
    "index": 8,
    "integer": false,
    "label": "rho_tiox",
    "mean": 2.1403115335556357,
    "median": 2.202811760536675,
    "p68": [
      1.8413735541578216,
      2.412523162234256
    ],
    "p68_range": [
      1.8413735541578216,
      2.412523162234256
    ],
    "p95": [
      1.4776925735093935,
      2.5248992468703464
    ],
    "p95_range": [
      1.4776925735093935,
      2.5248992468703464
    ],
    "std": 0.2790014614003063
  },
  "sample_broadening": {
    "best": 0.005434691342629387,
    "index": 3,
    "integer": false,
    "label": "sample_broadening",
    "mean": 0.007401780781427368,
    "median": 0.007439686123964184,
    "p68": [
      -0.0006225024334160206,
      0.015200352681904694
    ],
    "p68_range": [
      -0.0006225024334160206,
      0.015200352681904694
    ],
    "p95": [
      -0.0040673963262119125,
      0.018971036181728688
    ],
    "p95_range": [
      -0.0040673963262119125,
      0.018971036181728688
    ],
    "std": 0.006656001684268785
  },
  "siox_interface": {
    "best": 4.602613476681802,
    "index": 5,
    "integer": false,
    "label": "siox_interface",
    "mean": 6.405076532210392,
    "median": 6.896776028902108,
    "p68": [
      3.995395086681342,
      8.47706719186475
    ],
    "p68_range": [
      3.995395086681342,
      8.47706719186475
    ],
    "p95": [
      2.6135315264958257,
      8.93781400909709
    ],
    "p95_range": [
      2.6135315264958257,
      8.93781400909709
    ],
    "std": 1.9610789247258624
  },
  "siox_thickness": {
    "best": 5.811504706032293,
    "index": 7,
    "integer": false,
    "label": "siox_thickness",
    "mean": 17.690831919029165,
    "median": 13.290678388341256,
    "p68": [
      6.568510945589975,
      33.62958078511997
    ],
    "p68_range": [
      6.568510945589975,
      33.62958078511997
    ],
    "p95": [
      5.2947087994575845,
      39.17844144576629
    ],
    "p95_range": [
      5.2947087994575845,
      39.17844144576629
    ],
    "std": 11.253718180400035
  },
  "submembrane_thickness": {
    "best": 12.855881812396872,
    "index": 14,
    "integer": false,
    "label": "submembrane_thickness",
    "mean": 18.60927861369629,
    "median": 17.95127317753215,
    "p68": [
      12.401793846794778,
      24.472284164744767
    ],
    "p68_range": [
      12.401793846794778,
      24.472284164744767
    ],
    "p95": [
      8.988601917634425,
      32.91166951113027
    ],
    "p95_range": [
      8.988601917634425,
      32.91166951113027
    ],
    "std": 6.302861002684733
  },
  "theta_offset": {
    "best": -0.009902560998213414,
    "index": 4,
    "integer": false,
    "label": "theta_offset",
    "mean": -0.005083538061333639,
    "median": -0.005206534581461837,
    "p68": [
      -0.012330383514493663,
      0.0017519262290369782
    ],
    "p68_range": [
      -0.012330383514493663,
      0.0017519262290369782
    ],
    "p95": [
      -0.01455053203561935,
      0.00452160041247673
    ],
    "p95_range": [
      -0.01455053203561935,
      0.00452160041247673
    ],
    "std": 0.0058510610554404026
  },
  "tiox_roughness": {
    "best": 7.100282855268938,
    "index": 11,
    "integer": false,