{
  "background0": {
    "best": 0.06768712088799224,
    "index": 4,
    "integer": false,
    "label": "background0",
    "mean": 0.06748168338820966,
    "median": 0.0660277257074552,
    "p68": [
      0.05603446914196515,
      0.07902288224319771
    ],
    "p68_range": [
      0.05603446914196515,
      0.07902288224319771
    ],
    "p95": [
      0.04042932518801565,
      0.10046040368186603
    ],
    "p95_range": [
      0.04042932518801565,
      0.10046040368186603
    ],
    "std": 0.015396528557818664
  },
  "background1": {
    "best": 0.689690100032037,
    "index": 8,
    "integer": false,
    "label": "background1",
    "mean": 0.6731457721038971,
    "median": 0.674614143022024,
    "p68": [
      0.6436349260686347,
      0.7059537047017702
    ],
    "p68_range": [
      0.6436349260686347,
      0.7059537047017702
    ],
    "p95": [
      0.5872530231343239,
      0.7468571147508722
    ],
    "p95_range": [
      0.5872530231343239,
      0.7468571147508722
    ],
    "std": 0.041245016909241
  },
  "background2": {
    "best": 1.1078014673375272,
    "index": 10,
    "integer": false,
    "label": "background2",
    "mean": 1.1029914019645133,
    "median": 1.0991031403766058,
    "p68": [
      1.0413531428388623,
      1.1726681505541863
    ],
    "p68_range": [
      1.0413531428388623,
      1.1726681505541863
    ],
    "p95": [
      0.9324077372168905,
      1.3075830949756673
    ],
    "p95_range": [
      0.9324077372168905,
      1.3075830949756673
    ],
    "std": 0.08364253400039326
  },
  "frac_deut": {
    "best": 0.85830537270545,
    "index": 1,
    "integer": false,
    "label": "frac_deut",
    "mean": 0.8761424424442623,
    "median": 0.8742476604448497,
    "p68": [
      0.8379892881223041,
      0.915818267922379
    ],
    "p68_range": [
      0.8379892881223041,
      0.915818267922379
    ],
    "p95": [
      0.8079072134972866,
      0.9528109241994596
    ],
    "p95_range": [
      0.8079072134972866,
      0.9528109241994596
    ],
    "std": 0.03743006965555077
  },
  "l_lipid": {
    "best": 11.054771905736073,
    "index": 2,
    "integer": false,
    "label": "l_lipid",
    "mean": 9.979196577689608,
    "median": 9.876936622087301,
    "p68": [
      8.70829511639007,
      11.227954794567125
    ],
    "p68_range": [
      8.70829511639007,
      11.227954794567125
    ],
    "p95": [
      8.161163602945072,
      11.859316913314835
    ],
    "p95_range": [
      8.161163602945072,
      11.859316913314835
    ],
    "std": 1.093653295866859
  },
  "scale0": {
    "best": 1.5875201727373762,
    "index": 5,
    "integer": false,
    "label": "scale0",
    "mean": 5.174906366286373,
    "median": 3.43553796168141,
    "p68": [
      2.0003899692394076,
      9.592272058244287
    ],
    "p68_range": [
      2.0003899692394076,
      9.592272058244287
    ],
    "p95": [
      1.398006084689533,
      13.95909990879484
    ],
    "p95_range": [
      1.398006084689533,
      13.95909990879484
    ],
    "std": 3.632269164698918
  },
  "sigma": {
    "best": 2.3057787600181503,
    "index": 3,
    "integer": false,
    "label": "sigma",
    "mean": 2.525955394062264,
    "median": 2.5423069946783725,
    "p68": [
      2.171964617647558,
      2.8898377118778797
    ],
    "p68_range": [
      2.171964617647558,
      2.8898377118778797
    ],
    "p95": [
      2.0227503012385055,
      2.975660484804683
    ],
    "p95_range": [
      2.0227503012385055,
      2.975660484804683
    ],
    "std": 0.30021607529982774
  },
  "sld_solvent0": {
    "best": 6.26243633409413,
    "index": 6,
    "integer": false,
    "label": "sld_solvent0",
    "mean": 6.295127976780817,
    "median": 6.290736892269326,
    "p68": [
      6.2261124334508615,
      6.3699744346424785
    ],
    "p68_range": [
      6.2261124334508615,
      6.3699744346424785
    ],
    "p95": [
      6.203601860507828,
      6.3974603293653445
    ],
    "p95_range": [
      6.203601860507828,
      6.3974603293653445
    ],
    "std": 0.06151278289592982
  },
  "sld_solvent1": {
    "best": 1.9086792774546053,
    "index": 9,
    "integer": false,
    "label": "sld_solvent1",
    "mean": 1.8586926929400112,
    "median": 1.8794174263673356,
    "p68": [
      1.5147101003063141,
      2.1539969969995347
    ],
    "p68_range": [
      1.5147101003063141,
      2.1539969969995347
    ],
    "p95": [
      1.2105736022172582,
      2.4471201017385367
    ],
    "p95_range": [
      1.2105736022172582,
      2.4471201017385367
    ],
    "std": 0.3184578233574015
  },
  "sld_solvent2": {
    "best": -0.5512166940756548,
    "index": 11,
    "integer": false,
    "label": "sld_solvent2",
    "mean": -0.5505864815024839,
    "median": -0.5506980165483449,
    "p68": [
      -0.5577910108129479,
      -0.5435302331122595
    ],
    "p68_range": [
      -0.5577910108129479,
      -0.5435302331122595
    ],
    "p95": [
      -0.5597193365674203,
      -0.5404770636212951
    ],
    "p95_range": [
      -0.5597193365674203,
      -0.5404770636212951
    ],
    "std": 0.005879832718017331
  },
  "vf0": {
    "best": 0.0927061623728395,
    "index": 7,
    "integer": false,
    "label": "vf0",
    "mean": 0.04872263249939618,
    "median": 0.04574338970038214,
    "p68": [
      0.018544276368360323,
      0.08093199270086099
    ],
    "p68_range": [
      0.018544276368360323,
      0.08093199270086099
    ],
    "p95": [
      0.011842008601002856,
      0.09615273937614252
    ],
    "p95_range": [
      0.011842008601002856,
      0.09615273937614252
    ],
    "std": 0.026313981891926772
  }
}