#      z (A) rho (1e-6/A2) irho (1e-6/A2)
-10.00000000   2.06924941   0.00000000
 -9.90000000   2.06928683   0.00000000
 -9.80000000   2.06932946   0.00000000
 -9.70000000   2.06937796   0.00000000
 -9.60000000   2.06943305   0.00000000
 -9.50000000   2.06949556   0.00000000
 -9.40000000   2.06956639   0.00000000
 -9.30000000   2.06964655   0.00000000
 -9.20000000   2.06973714   0.00000000
 -9.10000000   2.06983938   0.00000000
 -9.00000000   2.06995462   0.00000000
 -8.90000000   2.07008435   0.00000000
 -8.80000000   2.07023019   0.00000000
 -8.70000000   2.07039393   0.00000000
 -8.60000000   2.07057753   0.00000000
 -8.50000000   2.07078312   0.00000000
 -8.40000000   2.07101302   0.00000000
 -8.30000000   2.07126980   0.00000000
 -8.20000000   2.07155619   0.00000000
 -8.10000000   2.07187521   0.00000000
 -8.00000000   2.07223009   0.00000000
 -7.90000000   2.07262436   0.00000000
 -7.80000000   2.07306181   0.00000000
 -7.70000000   2.07354653   0.00000000
 -7.60000000   2.07408292   0.00000000
 -7.50000000   2.07467571   0.00000000
 -7.40000000   2.07532997   0.00000000
 -7.30000000   2.07605112   0.00000000
 -7.20000000   2.07684496   0.00000000
 -7.10000000   2.07771766   0.00000000
 -7.00000000   2.07867580   0.00000000
 -6.90000000   2.07972636   0.00000000
 -6.80000000   2.08087674   0.00000000
 -6.70000000   2.08213477   0.00000000
 -6.60000000   2.08350871   0.00000000
 -6.50000000   2.08500727   0.00000000
 -6.40000000   2.08663961   0.00000000
 -6.30000000   2.08841533   0.00000000
 -6.20000000   2.09034448   0.00000000
 -6.10000000   2.09243756   0.00000000
 -6.00000000   2.09470553   0.00000000
 -5.90000000   2.09715976   0.00000000
 -5.80000000   2.09981205   0.00000000
 -5.70000000   2.10267463   0.00000000
 -5.60000000   2.10576010   0.00000000
 -5.50000000   2.10908145   0.00000000
 -5.40000000   2.11265201   0.00000000
 -5.30000000   2.11648543   0.00000000
 -5.20000000   2.12059564   0.00000000
 -5.10000000   2.12499685   0.00000000
 -5.00000000   2.12970345   0.00000000
 -4.90000000   2.13473002   0.00000000
 -4.80000000   2.14009126   0.00000000
 -4.70000000   2.14580191   0.00000000
 -4.60000000   2.15187677   0.00000000
 -4.50000000   2.15833055   0.00000000
 -4.40000000   2.16517787   0.00000000
 -4.30000000   2.17243319   0.00000000
 -4.20000000   2.18011068   0.00000000
 -4.10000000   2.18822424   0.00000000
 -4.00000000   2.19678736   0.00000000
 -3.90000000   2.20581304   0.00000000
 -3.80000000   2.21531377   0.00000000
 -3.70000000   2.22530138   0.00000000
 -3.60000000   2.23578701   0.00000000
 -3.50000000   2.24678100   0.00000000
 -3.40000000   2.25829283   0.00000000
 -3.30000000   2.27033102   0.00000000
 -3.20000000   2.28290305   0.00000000
 -3.10000000   2.29601531   0.00000000
 -3.00000000   2.30967299   0.00000000
 -2.90000000   2.32388005   0.00000000
 -2.80000000   2.33863910   0.00000000
 -2.70000000   2.35395137   0.00000000
 -2.60000000   2.36981665   0.00000000
 -2.50000000   2.38623322   0.00000000
 -2.40000000   2.40319782   0.00000000
 -2.30000000   2.42070559   0.00000000
 -2.20000000   2.43875006   0.00000000
 -2.10000000   2.45732308   0.00000000
 -2.00000000   2.47641486   0.00000000
 -1.90000000   2.49601390   0.00000000
 -1.80000000   2.51610702   0.00000000
 -1.70000000   2.53667936   0.00000000
 -1.60000000   2.55771439   0.00000000
 -1.50000000   2.57919393   0.00000000
 -1.40000000   2.60109819   0.00000000
 -1.30000000   2.62340579   0.00000000
 -1.20000000   2.64609384   0.00000000
 -1.10000000   2.66913798   0.00000000
 -1.00000000   2.69251244   0.00000000
 -0.90000000   2.71619010   0.00000000
 -0.80000000   2.74014263   0.00000000
 -0.70000000   2.76434050   0.00000000
 -0.60000000   2.78875313   0.00000000
 -0.50000000   2.81334895   0.00000000
 -0.40000000   2.83809555   0.00000000
 -0.30000000   2.86295973   0.00000000
 -0.20000000   2.88790768   0.00000000
 -0.10000000   2.91290503   0.00000000
 -0.00000000   2.93791702   0.00000000
  0.10000000   2.96290858   0.00000000
  0.20000000   2.98784448   0.00000000
  0.30000000   3.01268942   0.00000000
  0.40000000   3.03740819   0.00000000
  0.50000000   3.06196573   0.00000000
  0.60000000   3.08632728   0.00000000
  0.70000000   3.11045849   0.00000000
  0.80000000   3.13432552   0.00000000
  0.90000000   3.15789513   0.00000000
  1.00000000   3.18113477   0.00000000
  1.10000000   3.20401271   0.00000000
  1.20000000   3.22649807   0.00000000
  1.30000000   3.24856094   0.00000000
  1.40000000   3.27017242   0.00000000
  1.50000000   3.29130467   0.00000000
  1.60000000   3.31193102   0.00000000
  1.70000000   3.33202594   0.00000000
  1.80000000   3.35156514   0.00000000
  1.90000000   3.37052556   0.00000000
  2.00000000   3.38888541   0.00000000
  2.10000000   3.40662417   0.00000000
  2.20000000   3.42372262   0.00000000
  2.30000000   3.44016281   0.00000000
  2.40000000   3.45592808   0.00000000
  2.50000000   3.47100303   0.00000000
  2.60000000   3.48537352   0.00000000
  2.70000000   3.49902661   0.00000000
  2.80000000   3.51195057   0.00000000
  2.90000000   3.52413484   0.00000000
  3.00000000   3.53556998   0.00000000
  3.10000000   3.54624765   0.00000000
  3.20000000   3.55616055   0.00000000
  3.30000000   3.56530240   0.00000000
  3.40000000   3.57366791   0.00000000
  3.50000000   3.58125270   0.00000000
  3.60000000   3.58805329   0.00000000
  3.70000000   3.59406705   0.00000000
  3.80000000   3.59929217   0.00000000
  3.90000000   3.60372762   0.00000000
  4.00000000   3.60737314   0.00000000
  4.10000000   3.61022917   0.00000000
  4.20000000   3.61229687   0.00000000
  4.30000000   3.61357804   0.00000000
  4.40000000   3.61407520   0.00000000
  4.50000000   3.61379146   0.00000000
  4.60000000   3.61273062   0.00000000
  4.70000000   3.61089707   0.00000000
  4.80000000   3.60829588   0.00000000
  4.90000000   3.60493273   0.00000000
  5.00000000   3.60081394   0.00000000
  5.10000000   3.59594653   0.00000000
  5.20000000   3.59033813   0.00000000
  5.30000000   3.58399711   0.00000000
  5.40000000   3.57693253   0.00000000
  5.50000000   3.56915417   0.00000000
  5.60000000   3.56067255   0.00000000
  5.70000000   3.55149900   0.00000000
  5.80000000   3.54164560   0.00000000
  5.90000000   3.53112529   0.00000000
  6.00000000   3.51995181   0.00000000
  6.10000000   3.50813978   0.00000000
  6.20000000   3.49570471   0.00000000
  6.30000000   3.48266298   0.00000000
  6.40000000   3.46903188   0.00000000
  6.50000000   3.45482962   0.00000000
  6.60000000   3.44007531   0.00000000
  6.70000000   3.42478901   0.00000000
  6.80000000   3.40899164   0.00000000
  6.90000000   3.39270507   0.00000000
  7.00000000   3.37595201   0.00000000
  7.10000000   3.35875606   0.00000000
  7.20000000   3.34114163   0.00000000
  7.30000000   3.32313394   0.00000000
  7.40000000   3.30475896   0.00000000
  7.50000000   3.28604336   0.00000000
  7.60000000   3.26701447   0.00000000
  7.70000000   3.24770022   0.00000000
  7.80000000   3.22812906   0.00000000
  7.90000000   3.20832992   0.00000000
  8.00000000   3.18833209   0.00000000
  8.10000000   3.16816520   0.00000000
  8.20000000   3.14785908   0.00000000
  8.30000000   3.12744372   0.00000000
  8.40000000   3.10694913   0.00000000
  8.50000000   3.08640531   0.00000000
  8.60000000   3.06584212   0.00000000
  8.70000000   3.04528918   0.00000000
  8.80000000   3.02477580   0.00000000
  8.90000000   3.00433086   0.00000000
  9.00000000   2.98398275   0.00000000
  9.10000000   2.96375925   0.00000000
  9.20000000   2.94368745   0.00000000
  9.30000000   2.92379368   0.00000000
  9.40000000   2.90410340   0.00000000
  9.50000000   2.88464114   0.00000000
  9.60000000   2.86543042   0.00000000
  9.70000000   2.84649370   0.00000000
  9.80000000   2.82785227   0.00000000
  9.90000000   2.80952627   0.00000000
 10.00000000   2.79153455   0.00000000
 10.10000000   2.77389469   0.00000000
 10.20000000   2.75662297   0.00000000
 10.30000000   2.73973426   0.00000000
 10.40000000   2.72324211   0.00000000
 10.50000000   2.70715863   0.00000000
 10.60000000   2.69149455   0.00000000
 10.70000000   2.67625919   0.00000000
 10.80000000   2.66146047   0.00000000
 10.90000000   2.64710494   0.00000000
 11.00000000   2.63319775   0.00000000
 11.10000000   2.61974273   0.00000000
 11.20000000   2.60674239   0.00000000
 11.30000000   2.59419796   0.00000000
 11.40000000   2.58210945   0.00000000
 11.50000000   2.57047566   0.00000000
 11.60000000   2.55929425   0.00000000
 11.70000000   2.54856182   0.00000000
 11.80000000   2.53827391   0.00000000
 11.90000000   2.52842511   0.00000000
 12.00000000   2.51900911   0.00000000
 12.10000000   2.51001875   0.00000000
 12.20000000   2.50144608   0.00000000
 12.30000000   2.49328248   0.00000000
 12.40000000   2.48551865   0.00000000
 12.50000000   2.47814474   0.00000000
 12.60000000   2.47115038   0.00000000
 12.70000000   2.46452477   0.00000000
 12.80000000   2.45825673   0.00000000
 12.90000000   2.45233476   0.00000000
 13.00000000   2.44674711   0.00000000
 13.10000000   2.44148186   0.00000000
 13.20000000   2.43652691   0.00000000
 13.30000000   2.43187013   0.00000000
 13.40000000   2.42749931   0.00000000
 13.50000000   2.42340230   0.00000000
 13.60000000   2.41956700   0.00000000
 13.70000000   2.41598141   0.00000000
 13.80000000   2.41263368   0.00000000
 13.90000000   2.40951214   0.00000000
 14.00000000   2.40660533   0.00000000
 14.10000000   2.40390205   0.00000000
 14.20000000   2.40139134   0.00000000
 14.30000000   2.39906257   0.00000000
 14.40000000   2.39690537   0.00000000
 14.50000000   2.39490974   0.00000000
 14.60000000   2.39306601   0.00000000
 14.70000000   2.39136486   0.00000000
 14.80000000   2.38979731   0.00000000
 14.90000000   2.38835478   0.00000000
 15.00000000   2.38702904   0.00000000
 15.10000000   2.38581224   0.00000000
 15.20000000   2.38469690   0.00000000
 15.30000000   2.38367589   0.00000000
 15.40000000   2.38274247   0.00000000
 15.50000000   2.38189025   0.00000000
 15.60000000   2.38111319   0.00000000
 15.70000000   2.38040558   0.00000000
 15.80000000   2.37976208   0.00000000
 15.90000000   2.37917763   0.00000000
 16.00000000   2.37864752   0.00000000
 16.10000000   2.37816734   0.00000000
 16.20000000   2.37773294   0.00000000
 16.30000000   2.37734048   0.00000000
 16.40000000   2.37698638   0.00000000
 16.50000000   2.37666730   0.00000000
 16.60000000   2.37638017   0.00000000
 16.70000000   2.37612212   0.00000000
 16.80000000   2.37589051   0.00000000
 16.90000000   2.37568291   0.00000000
 17.00000000   2.37549707   0.00000000
 17.10000000   2.37533093   0.00000000
 17.20000000   2.37518260   0.00000000
 17.30000000   2.37505034   0.00000000
 17.40000000   2.37493257   0.00000000
 17.50000000   2.37482783   0.00000000
 17.60000000   2.37473481   0.00000000
 17.70000000   2.37465231   0.00000000
 17.80000000   2.37457922   0.00000000
 17.90000000   2.37451457   0.00000000
 18.00000000   2.37445745   0.00000000
 18.10000000   2.37440706   0.00000000
 18.20000000   2.37436265   0.00000000
 18.30000000   2.37432357   0.00000000
 18.40000000   2.37428923   0.00000000
 18.50000000   2.37425909   0.00000000
 18.60000000   2.37423267   0.00000000
 18.70000000   2.37420954   0.00000000
 18.80000000   2.37418932   0.00000000
 18.90000000   2.37417167   0.00000000
 19.00000000   2.37415627   0.00000000
 19.10000000   2.37414287   0.00000000
 19.20000000   2.37413122   0.00000000
 19.30000000   2.37412109   0.00000000
 19.40000000   2.37411231   0.00000000
 19.50000000   2.37410471   0.00000000
 19.60000000   2.37409813   0.00000000
 19.70000000   2.37409245   0.00000000
 19.80000000   2.37408754   0.00000000
 19.90000000   2.37408332   0.00000000
 20.00000000   2.37407968   0.00000000
 20.10000000   2.37407655   0.00000000
 20.20000000   2.37407387   0.00000000
 20.30000000   2.37407157   0.00000000
 20.40000000   2.37406960   0.00000000
 20.50000000   2.37406792   0.00000000
 20.60000000   2.37406649   0.00000000
 20.70000000   2.37406526   0.00000000
 20.80000000   2.37406422   0.00000000
 20.90000000   2.37406333   0.00000000
 21.00000000   2.37406258   0.00000000
 21.10000000   2.37406194   0.00000000
 21.20000000   2.37406140   0.00000000
 21.30000000   2.37406094   0.00000000
 21.40000000   2.37406055   0.00000000
 21.50000000   2.37406023   0.00000000
 21.60000000   2.37405995   0.00000000
 21.70000000   2.37405972   0.00000000
 21.80000000   2.37405953   0.00000000
 21.90000000   2.37405936   0.00000000
 22.00000000   2.37405923   0.00000000
 22.10000000   2.37405911   0.00000000
 22.20000000   2.37405902   0.00000000
 22.30000000   2.37405894   0.00000000
 22.40000000   2.37405887   0.00000000
 22.50000000   2.37405881   0.00000000
 22.60000000   2.37405877   0.00000000
 22.70000000   2.37405873   0.00000000
 22.80000000   2.37405870   0.00000000
 22.90000000   2.37405867   0.00000000
 23.00000000   2.37405865   0.00000000
 23.10000000   2.37405863   0.00000000
 23.20000000   2.37405862   0.00000000
 23.30000000   2.37405861   0.00000000
 23.40000000   2.37405860   0.00000000
 23.50000000   2.37405859   0.00000000
 23.60000000   2.37405858   0.00000000
 23.70000000   2.37405857   0.00000000
 23.80000000   2.37405857   0.00000000
 23.90000000   2.37405857   0.00000000
 24.00000000   2.37405856   0.00000000
 24.10000000   2.37405856   0.00000000
 24.20000000   2.37405856   0.00000000
 24.30000000   2.37405856   0.00000000
 24.40000000   2.37405856   0.00000000
 24.50000000   2.37405855   0.00000000
 24.60000000   2.37405855   0.00000000
 24.70000000   2.37405855   0.00000000
 24.80000000   2.37405855   0.00000000
 24.90000000   2.37405855   0.00000000
 25.00000000   2.37405855   0.00000000
 25.10000000   2.37405855   0.00000000
 25.20000000   2.37405855   0.00000000
 25.30000000   2.37405855   0.00000000
 25.40000000   2.37405855   0.00000000
 25.50000000   2.37405855   0.00000000
 25.60000000   2.37405855   0.00000000
 25.70000000   2.37405855   0.00000000
 25.80000000   2.37405855   0.00000000
 25.90000000   2.37405855   0.00000000
 26.00000000   2.37405855   0.00000000
 26.10000000   2.37405855   0.00000000
 26.20000000   2.37405855   0.00000000
 26.30000000   2.37405855   0.00000000
 26.40000000   2.37405855   0.00000000
 26.50000000   2.37405855   0.00000000
 26.60000000   2.37405855   0.00000000
 26.70000000   2.37405855   0.00000000
 26.80000000   2.37405855   0.00000000
 26.90000000   2.37405855   0.00000000
 27.00000000   2.37405855   0.00000000
 27.10000000   2.37405855   0.00000000
 27.20000000   2.37405855   0.00000000
 27.30000000   2.37405855   0.00000000
 27.40000000   2.37405855   0.00000000
 27.50000000   2.37405855   0.00000000
 27.60000000   2.37405855   0.00000000
 27.70000000   2.37405855   0.00000000
 27.80000000   2.37405855   0.00000000
 27.90000000   2.37405855   0.00000000
 28.00000000   2.37405855   0.00000000
 28.10000000   2.37405855   0.00000000
 28.20000000   2.37405855   0.00000000
 28.30000000   2.37405855   0.00000000
 28.40000000   2.37405855   0.00000000
 28.50000000   2.37405855   0.00000000
 28.60000000   2.37405855   0.00000000
 28.70000000   2.37405855   0.00000000
 28.80000000   2.37405855   0.00000000
 28.90000000   2.37405855   0.00000000
 29.00000000   2.37405855   0.00000000
 29.10000000   2.37405855   0.00000000
 29.20000000   2.37405855   0.00000000
 29.30000000   2.37405855   0.00000000
 29.40000000   2.37405855   0.00000000
 29.50000000   2.37405855   0.00000000
 29.60000000   2.37405855   0.00000000
 29.70000000   2.37405855   0.00000000
 29.80000000   2.37405855   0.00000000
 29.90000000   2.37405855   0.00000000
 30.00000000   2.37405855   0.00000000
 30.10000000   2.37405855   0.00000000
 30.20000000   2.37405855   0.00000000
 30.30000000   2.37405855   0.00000000
 30.40000000   2.37405855   0.00000000
 30.50000000   2.37405855   0.00000000
 30.60000000   2.37405855   0.00000000
 30.70000000   2.37405855   0.00000000
 30.80000000   2.37405855   0.00000000
 30.90000000   2.37405855   0.00000000
 31.00000000   2.37405855   0.00000000
 31.10000000   2.37405855   0.00000000
 31.20000000   2.37405855   0.00000000
 31.30000000   2.37405855   0.00000000
 31.40000000   2.37405855   0.00000000
 31.50000000   2.37405855   0.00000000
 31.60000000   2.37405855   0.00000000
 31.70000000   2.37405855   0.00000000
 31.80000000   2.37405855   0.00000000
 31.90000000   2.37405855   0.00000000
 32.00000000   2.37405855   0.00000000
 32.10000000   2.37405855   0.00000000
 32.20000000   2.37405855   0.00000000
 32.30000000   2.37405855   0.00000000
 32.40000000   2.37405855   0.00000000
 32.50000000   2.37405855   0.00000000
 32.60000000   2.37405855   0.00000000
 32.70000000   2.37405855   0.00000000
 32.80000000   2.37405855   0.00000000
 32.90000000   2.37405855   0.00000000
 33.00000000   2.37405855   0.00000000
 33.10000000   2.37405855   0.00000000
 33.20000000   2.37405855   0.00000000
 33.30000000   2.37405855   0.00000000
 33.40000000   2.37405855   0.00000000
 33.50000000   2.37405855   0.00000000
 33.60000000   2.37405855   0.00000000
 33.70000000   2.37405855   0.00000000
 33.80000000   2.37405855   0.00000000
 33.90000000   2.37405855   0.00000000
 34.00000000   2.37405855   0.00000000
 34.10000000   2.37405855   0.00000000
 34.20000000   2.37405855   0.00000000
 34.30000000   2.37405855   0.00000000
 34.40000000   2.37405855   0.00000000
 34.50000000   2.37405855   0.00000000
 34.60000000   2.37405855   0.00000000
 34.70000000   2.37405855   0.00000000
 34.80000000   2.37405855   0.00000000
 34.90000000   2.37405855   0.00000000
 35.00000000   2.37405855   0.00000000
 35.10000000   2.37405855   0.00000000
 35.20000000   2.37405855   0.00000000
 35.30000000   2.37405855   0.00000000
 35.40000000   2.37405855   0.00000000
 35.50000000   2.37405855   0.00000000
 35.60000000   2.37405855   0.00000000
 35.70000000   2.37405855   0.00000000
 35.80000000   2.37405855   0.00000000
 35.90000000   2.37405855   0.00000000
 36.00000000   2.37405855   0.00000000
 36.10000000   2.37405855   0.00000000
 36.20000000   2.37405855   0.00000000
 36.30000000   2.37405855   0.00000000
 36.40000000   2.37405855   0.00000000
 36.50000000   2.37405855   0.00000000
 36.60000000   2.37405855   0.00000000
 36.70000000   2.37405855   0.00000000
 36.80000000   2.37405855   0.00000000
 36.90000000   2.37405855   0.00000000
 37.00000000   2.37405855   0.00000000
 37.10000000   2.37405855   0.00000000
 37.20000000   2.37405855   0.00000000
 37.30000000   2.37405855   0.00000000
 37.40000000   2.37405855   0.00000000
 37.50000000   2.37405855   0.00000000
 37.60000000   2.37405855   0.00000000
 37.70000000   2.37405855   0.00000000
 37.80000000   2.37405855   0.00000000
 37.90000000   2.37405855   0.00000000
 38.00000000   2.37405855   0.00000000
 38.10000000   2.37405855   0.00000000
 38.20000000   2.37405855   0.00000000
 38.30000000   2.37405855   0.00000000
 38.40000000   2.37405855   0.00000000
 38.50000000   2.37405855   0.00000000
 38.60000000   2.37405855   0.00000000
 38.70000000   2.37405855   0.00000000
 38.80000000   2.37405855   0.00000000
 38.90000000   2.37405855   0.00000000
 39.00000000   2.37405855   0.00000000
 39.10000000   2.37405855   0.00000000
 39.20000000   2.37405855   0.00000000
 39.30000000   2.37405855   0.00000000
 39.40000000   2.37405855   0.00000000
 39.50000000   2.37405855   0.00000000
 39.60000000   2.37405855   0.00000000
 39.70000000   2.37405855   0.00000000
 39.80000000   2.37405855   0.00000000
 39.90000000   2.37405855   0.00000000
 40.00000000   2.37405855   0.00000000
 40.10000000   2.37405855   0.00000000
 40.20000000   2.37405855   0.00000000
 40.30000000   2.37405855   0.00000000
 40.40000000   2.37405855   0.00000000
 40.50000000   2.37405855   0.00000000
 40.60000000   2.37405855   0.00000000
 40.70000000   2.37405855   0.00000000
 40.80000000   2.37405855   0.00000000
 40.90000000   2.37405855   0.00000000
 41.00000000   2.37405855   0.00000000
 41.10000000   2.37405855   0.00000000
 41.20000000   2.37405855   0.00000000
 41.30000000   2.37405855   0.00000000
 41.40000000   2.37405855   0.00000000
 41.50000000   2.37405855   0.00000000
 41.60000000   2.37405855   0.00000000
 41.70000000   2.37405855   0.00000000
 41.80000000   2.37405855   0.00000000
 41.90000000   2.37405855   0.00000000
 42.00000000   2.37405855   0.00000000
 42.10000000   2.37405855   0.00000000
 42.20000000   2.37405855   0.00000000
 42.30000000   2.37405855   0.00000000
 42.40000000   2.37405855   0.00000000
 42.50000000   2.37405855   0.00000000
 42.60000000   2.37405855   0.00000000
 42.70000000   2.37405855   0.00000000
 42.80000000   2.37405855   0.00000000
 42.90000000   2.37405855   0.00000000
 43.00000000   2.37405855   0.00000000
 43.10000000   2.37405855   0.00000000
 43.20000000   2.37405855   0.00000000
 43.30000000   2.37405855   0.00000000
 43.40000000   2.37405855   0.00000000
 43.50000000   2.37405855   0.00000000
 43.60000000   2.37405855   0.00000000
 43.70000000   2.37405855   0.00000000
 43.80000000   2.37405855   0.00000000
 43.90000000   2.37405855   0.00000000
 44.00000000   2.37405855   0.00000000
 44.10000000   2.37405855   0.00000000
 44.20000000   2.37405855   0.00000000
 44.30000000   2.37405855   0.00000000
 44.40000000   2.37405855   0.00000000
 44.50000000   2.37405855   0.00000000
 44.60000000   2.37405855   0.00000000
 44.70000000   2.37405855   0.00000000
 44.80000000   2.37405855   0.00000000
 44.90000000   2.37405855   0.00000000
 45.00000000   2.37405855   0.00000000
 45.10000000   2.37405855   0.00000000
 45.20000000   2.37405855   0.00000000
 45.30000000   2.37405855   0.00000000
 45.40000000   2.37405855   0.00000000
 45.50000000   2.37405855   0.00000000
 45.60000000   2.37405855   0.00000000
 45.70000000   2.37405855   0.00000000
 45.80000000   2.37405855   0.00000000
 45.90000000   2.37405855   0.00000000
 46.00000000   2.37405855   0.00000000
 46.10000000   2.37405855   0.00000000
 46.20000000   2.37405855   0.00000000
 46.30000000   2.37405855   0.00000000
 46.40000000   2.37405855   0.00000000
 46.50000000   2.37405855   0.00000000
 46.60000000   2.37405855   0.00000000
 46.70000000   2.37405855   0.00000000
 46.80000000   2.37405855   0.00000000
 46.90000000   2.37405855   0.00000000
 47.00000000   2.37405855   0.00000000
 47.10000000   2.37405855   0.00000000
 47.20000000   2.37405855   0.00000000
 47.30000000   2.37405855   0.00000000
 47.40000000   2.37405855   0.00000000
 47.50000000   2.37405855   0.00000000
 47.60000000   2.37405855   0.00000000
 47.70000000   2.37405855   0.00000000
 47.80000000   2.37405855   0.00000000
 47.90000000   2.37405855   0.00000000
 48.00000000   2.37405855   0.00000000
 48.10000000   2.37405855   0.00000000
 48.20000000   2.37405855   0.00000000
 48.30000000   2.37405855   0.00000000
 48.40000000   2.37405855   0.00000000
 48.50000000   2.37405855   0.00000000
 48.60000000   2.37405855   0.00000000
 48.70000000   2.37405855   0.00000000
 48.80000000   2.37405855   0.00000000
 48.90000000   2.37405855   0.00000000
 49.00000000   2.37405855   0.00000000
 49.10000000   2.37405855   0.00000000
 49.20000000   2.37405855   0.00000000
 49.30000000   2.37405855   0.00000000
 49.40000000   2.37405855   0.00000000
 49.50000000   2.37405855   0.00000000
 49.60000000   2.37405855   0.00000000
 49.70000000   2.37405855   0.00000000
 49.80000000   2.37405855   0.00000000
 49.90000000   2.37405855   0.00000000
 50.00000000   2.37405855   0.00000000
 50.10000000   2.37405855   0.00000000
 50.20000000   2.37405855   0.00000000
 50.30000000   2.37405855   0.00000000
 50.40000000   2.37405855   0.00000000
 50.50000000   2.37405855   0.00000000
 50.60000000   2.37405855   0.00000000
 50.70000000   2.37405855   0.00000000
 50.80000000   2.37405855   0.00000000
 50.90000000   2.37405855   0.00000000
 51.00000000   2.37405855   0.00000000
 51.10000000   2.37405855   0.00000000
 51.20000000   2.37405855   0.00000000
 51.30000000   2.37405855   0.00000000
 51.40000000   2.37405855   0.00000000
 51.50000000   2.37405855   0.00000000
 51.60000000   2.37405855   0.00000000
 51.70000000   2.37405855   0.00000000
 51.80000000   2.37405855   0.00000000
 51.90000000   2.37405855   0.00000000
 52.00000000   2.37405855   0.00000000
 52.10000000   2.37405855   0.00000000
 52.20000000   2.37405855   0.00000000
 52.30000000   2.37405855   0.00000000
 52.40000000   2.37405855   0.00000000
 52.50000000   2.37405855   0.00000000
 52.60000000   2.37405855   0.00000000
 52.70000000   2.37405855   0.00000000
 52.80000000   2.37405855   0.00000000
 52.90000000   2.37405855   0.00000000
 53.00000000   2.37405855   0.00000000
 53.10000000   2.37405855   0.00000000
 53.20000000   2.37405855   0.00000000
 53.30000000   2.37405855   0.00000000
 53.40000000   2.37405855   0.00000000
 53.50000000   2.37405855   0.00000000
 53.60000000   2.37405855   0.00000000
 53.70000000   2.37405855   0.00000000
 53.80000000   2.37405855   0.00000000
 53.90000000   2.37405855   0.00000000
 54.00000000   2.37405855   0.00000000
 54.10000000   2.37405855   0.00000000
 54.20000000   2.37405855   0.00000000
 54.30000000   2.37405855   0.00000000
 54.40000000   2.37405855   0.00000000
 54.50000000   2.37405855   0.00000000
 54.60000000   2.37405855   0.00000000
 54.70000000   2.37405855   0.00000000
 54.80000000   2.37405855   0.00000000
 54.90000000   2.37405855   0.00000000
 55.00000000   2.37405855   0.00000000
 55.10000000   2.37405855   0.00000000
 55.20000000   2.37405855   0.00000000
 55.30000000   2.37405855   0.00000000
 55.40000000   2.37405855   0.00000000
 55.50000000   2.37405855   0.00000000
 55.60000000   2.37405855   0.00000000
 55.70000000   2.37405855   0.00000000
 55.80000000   2.37405855   0.00000000
 55.90000000   2.37405855   0.00000000
 56.00000000   2.37405855   0.00000000
 56.10000000   2.37405855   0.00000000
 56.20000000   2.37405855   0.00000000
 56.30000000   2.37405855   0.00000000
 56.40000000   2.37405855   0.00000000
 56.50000000   2.37405855   0.00000000
 56.60000000   2.37405855   0.00000000
 56.70000000   2.37405855   0.00000000
 56.80000000   2.37405855   0.00000000
 56.90000000   2.37405855   0.00000000
 57.00000000   2.37405855   0.00000000
 57.10000000   2.37405855   0.00000000
 57.20000000   2.37405855   0.00000000
 57.30000000   2.37405855   0.00000000
 57.40000000   2.37405855   0.00000000
 57.50000000   2.37405855   0.00000000
 57.60000000   2.37405855   0.00000000
 57.70000000   2.37405855   0.00000000
 57.80000000   2.37405855   0.00000000
 57.90000000   2.37405855   0.00000000
 58.00000000   2.37405855   0.00000000
 58.10000000   2.37405855   0.00000000
 58.20000000   2.37405855   0.00000000
 58.30000000   2.37405855   0.00000000
 58.40000000   2.37405855   0.00000000
 58.50000000   2.37405855   0.00000000
 58.60000000   2.37405855   0.00000000
 58.70000000   2.37405855   0.00000000
 58.80000000   2.37405855   0.00000000
 58.90000000   2.37405855   0.00000000
 59.00000000   2.37405855   0.00000000
 59.10000000   2.37405855   0.00000000
 59.20000000   2.37405855   0.00000000
 59.30000000   2.37405855   0.00000000
 59.40000000   2.37405855   0.00000000
 59.50000000   2.37405855   0.00000000
 59.60000000   2.37405855   0.00000000
 59.70000000   2.37405855   0.00000000
 59.80000000   2.37405855   0.00000000
 59.90000000   2.37405855   0.00000000
 60.00000000   2.37405855   0.00000000
 60.10000000   2.37405855   0.00000000
 60.20000000   2.37405855   0.00000000
 60.30000000   2.37405855   0.00000000
 60.40000000   2.37405855   0.00000000
 60.50000000   2.37405855   0.00000000
 60.60000000   2.37405855   0.00000000
 60.70000000   2.37405855   0.00000000
 60.80000000   2.37405855   0.00000000
 60.90000000   2.37405855   0.00000000
 61.00000000   2.37405855   0.00000000
 61.10000000   2.37405855   0.00000000
 61.20000000   2.37405855   0.00000000
 61.30000000   2.37405855   0.00000000
 61.40000000   2.37405855   0.00000000
 61.50000000   2.37405855   0.00000000
 61.60000000   2.37405855   0.00000000
 61.70000000   2.37405855   0.00000000
 61.80000000   2.37405855   0.00000000
 61.90000000   2.37405855   0.00000000
 62.00000000   2.37405855   0.00000000
 62.10000000   2.37405855   0.00000000
 62.20000000   2.37405855   0.00000000
 62.30000000   2.37405855   0.00000000
 62.40000000   2.37405855   0.00000000
 62.50000000   2.37405855   0.00000000
 62.60000000   2.37405855   0.00000000
 62.70000000   2.37405855   0.00000000
 62.80000000   2.37405855   0.00000000
 62.90000000   2.37405855   0.00000000
 63.00000000   2.37405855   0.00000000
 63.10000000   2.37405855   0.00000000
 63.20000000   2.37405855   0.00000000
 63.30000000   2.37405855   0.00000000
 63.40000000   2.37405855   0.00000000
 63.50000000   2.37405855   0.00000000
 63.60000000   2.37405855   0.00000000
 63.70000000   2.37405855   0.00000000
 63.80000000   2.37405855   0.00000000
 63.90000000   2.37405855   0.00000000
 64.00000000   2.37405855   0.00000000
 64.10000000   2.37405855   0.00000000
 64.20000000   2.37405855   0.00000000
 64.30000000   2.37405855   0.00000000
 64.40000000   2.37405855   0.00000000
 64.50000000   2.37405855   0.00000000
 64.60000000   2.37405855   0.00000000
 64.70000000   2.37405855   0.00000000
 64.80000000   2.37405855   0.00000000
 64.90000000   2.37405855   0.00000000
 65.00000000   2.37405855   0.00000000
 65.10000000   2.37405855   0.00000000
 65.20000000   2.37405855   0.00000000
 65.30000000   2.37405855   0.00000000
 65.40000000   2.37405855   0.00000000
 65.50000000   2.37405855   0.00000000
 65.60000000   2.37405855   0.00000000
 65.70000000   2.37405855   0.00000000
 65.80000000   2.37405855   0.00000000
 65.90000000   2.37405855   0.00000000
 66.00000000   2.37405855   0.00000000
 66.10000000   2.37405855   0.00000000
 66.20000000   2.37405855   0.00000000
 66.30000000   2.37405855   0.00000000
 66.40000000   2.37405855   0.00000000
 66.50000000   2.37405855   0.00000000
 66.60000000   2.37405855   0.00000000
 66.70000000   2.37405855   0.00000000
 66.80000000   2.37405855   0.00000000
 66.90000000   2.37405855   0.00000000
 67.00000000   2.37405855   0.00000000
 67.10000000   2.37405855   0.00000000
 67.20000000   2.37405855   0.00000000
 67.30000000   2.37405855   0.00000000
 67.40000000   2.37405855   0.00000000
 67.50000000   2.37405855   0.00000000
 67.60000000   2.37405855   0.00000000
 67.70000000   2.37405855   0.00000000
 67.80000000   2.37405855   0.00000000
 67.90000000   2.37405855   0.00000000
 68.00000000   2.37405855   0.00000000
 68.10000000   2.37405855   0.00000000
 68.20000000   2.37405855   0.00000000
 68.30000000   2.37405855   0.00000000
 68.40000000   2.37405855   0.00000000
 68.50000000   2.37405855   0.00000000
 68.60000000   2.37405855   0.00000000
 68.70000000   2.37405855   0.00000000
 68.80000000   2.37405855   0.00000000
 68.90000000   2.37405855   0.00000000
 69.00000000   2.37405855   0.00000000
 69.10000000   2.37405855   0.00000000
 69.20000000   2.37405855   0.00000000
 69.30000000   2.37405855   0.00000000
 69.40000000   2.37405855   0.00000000
 69.50000000   2.37405855   0.00000000
 69.60000000   2.37405855   0.00000000
 69.70000000   2.37405855   0.00000000
 69.80000000   2.37405855   0.00000000
 69.90000000   2.37405855   0.00000000
 70.00000000   2.37405855   0.00000000
 70.10000000   2.37405855   0.00000000
 70.20000000   2.37405855   0.00000000
 70.30000000   2.37405855   0.00000000
 70.40000000   2.37405855   0.00000000
 70.50000000   2.37405855   0.00000000
 70.60000000   2.37405855   0.00000000
 70.70000000   2.37405855   0.00000000
 70.80000000   2.37405855   0.00000000
 70.90000000   2.37405855   0.00000000
 71.00000000   2.37405855   0.00000000
 71.10000000   2.37405855   0.00000000
 71.20000000   2.37405855   0.00000000
 71.30000000   2.37405855   0.00000000
 71.40000000   2.37405855   0.00000000
 71.50000000   2.37405855   0.00000000
 71.60000000   2.37405855   0.00000000
 71.70000000   2.37405855   0.00000000
 71.80000000   2.37405855   0.00000000
 71.90000000   2.37405855   0.00000000
 72.00000000   2.37405855   0.00000000
 72.10000000   2.37405855   0.00000000
 72.20000000   2.37405855   0.00000000
 72.30000000   2.37405855   0.00000000
 72.40000000   2.37405855   0.00000000
 72.50000000   2.37405855   0.00000000
 72.60000000   2.37405855   0.00000000
 72.70000000   2.37405855   0.00000000
 72.80000000   2.37405855   0.00000000
 72.90000000   2.37405855   0.00000000
 73.00000000   2.37405855   0.00000000
 73.10000000   2.37405855   0.00000000
 73.20000000   2.37405855   0.00000000
 73.30000000   2.37405855   0.00000000
 73.40000000   2.37405855   0.00000000
 73.50000000   2.37405855   0.00000000
 73.60000000   2.37405855   0.00000000
 73.70000000   2.37405855   0.00000000
 73.80000000   2.37405855   0.00000000
 73.90000000   2.37405855   0.00000000
 74.00000000   2.37405855   0.00000000
 74.10000000   2.37405855   0.00000000
 74.20000000   2.37405855   0.00000000
 74.30000000   2.37405855   0.00000000
 74.40000000   2.37405855   0.00000000
 74.50000000   2.37405855   0.00000000
 74.60000000   2.37405855   0.00000000
 74.70000000   2.37405855   0.00000000
 74.80000000   2.37405855   0.00000000
 74.90000000   2.37405855   0.00000000
 75.00000000   2.37405855   0.00000000
 75.10000000   2.37405855   0.00000000
 75.20000000   2.37405855   0.00000000
 75.30000000   2.37405855   0.00000000
 75.40000000   2.37405855   0.00000000
 75.50000000   2.37405855   0.00000000
 75.60000000   2.37405855   0.00000000
 75.70000000   2.37405855   0.00000000
 75.80000000   2.37405855   0.00000000
 75.90000000   2.37405855   0.00000000
 76.00000000   2.37405855   0.00000000
 76.10000000   2.37405855   0.00000000
 76.20000000   2.37405855   0.00000000
 76.30000000   2.37405855   0.00000000
 76.40000000   2.37405855   0.00000000
 76.50000000   2.37405855   0.00000000
 76.60000000   2.37405855   0.00000000
 76.70000000   2.37405855   0.00000000
 76.80000000   2.37405855   0.00000000
 76.90000000   2.37405855   0.00000000
 77.00000000   2.37405855   0.00000000
 77.10000000   2.37405855   0.00000000
 77.20000000   2.37405855   0.00000000
 77.30000000   2.37405855   0.00000000
 77.40000000   2.37405855   0.00000000
 77.50000000   2.37405855   0.00000000
 77.60000000   2.37405855   0.00000000
 77.70000000   2.37405855   0.00000000
 77.80000000   2.37405855   0.00000000
 77.90000000   2.37405855   0.00000000
 78.00000000   2.37405855   0.00000000
 78.10000000   2.37405855   0.00000000
 78.20000000   2.37405855   0.00000000
 78.30000000   2.37405855   0.00000000
 78.40000000   2.37405855   0.00000000
 78.50000000   2.37405855   0.00000000
 78.60000000   2.37405855   0.00000000
 78.70000000   2.37405855   0.00000000
 78.80000000   2.37405855   0.00000000
 78.90000000   2.37405855   0.00000000
 79.00000000   2.37405855   0.00000000
 79.10000000   2.37405855   0.00000000
 79.20000000   2.37405855   0.00000000
 79.30000000   2.37405855   0.00000000
 79.40000000   2.37405855   0.00000000
 79.50000000   2.37405855   0.00000000
 79.60000000   2.37405855   0.00000000
 79.70000000   2.37405855   0.00000000
 79.80000000   2.37405855   0.00000000
 79.90000000   2.37405855   0.00000000
 80.00000000   2.37405855   0.00000000
 80.10000000   2.37405855   0.00000000
 80.20000000   2.37405855   0.00000000
 80.30000000   2.37405855   0.00000000
 80.40000000   2.37405855   0.00000000
 80.50000000   2.37405855   0.00000000
 80.60000000   2.37405855   0.00000000
 80.70000000   2.37405855   0.00000000
 80.80000000   2.37405855   0.00000000
 80.90000000   2.37405855   0.00000000
 81.00000000   2.37405855   0.00000000
 81.10000000   2.37405855   0.00000000
 81.20000000   2.37405855   0.00000000
 81.30000000   2.37405855   0.00000000
 81.40000000   2.37405855   0.00000000
 81.50000000   2.37405855   0.00000000
 81.60000000   2.37405855   0.00000000
 81.70000000   2.37405855   0.00000000
 81.80000000   2.37405855   0.00000000
 81.90000000   2.37405855   0.00000000
 82.00000000   2.37405855   0.00000000
 82.10000000   2.37405855   0.00000000
 82.20000000   2.37405855   0.00000000
 82.30000000   2.37405855   0.00000000
 82.40000000   2.37405855   0.00000000
 82.50000000   2.37405855   0.00000000
 82.60000000   2.37405855   0.00000000
 82.70000000   2.37405855   0.00000000
 82.80000000   2.37405855   0.00000000
 82.90000000   2.37405855   0.00000000
 83.00000000   2.37405855   0.00000000
 83.10000000   2.37405855   0.00000000
 83.20000000   2.37405855   0.00000000
 83.30000000   2.37405855   0.00000000
 83.40000000   2.37405855   0.00000000
 83.50000000   2.37405855   0.00000000
 83.60000000   2.37405855   0.00000000
 83.70000000   2.37405855   0.00000000
 83.80000000   2.37405855   0.00000000
 83.90000000   2.37405855   0.00000000
 84.00000000   2.37405855   0.00000000
 84.10000000   2.37405855   0.00000000
 84.20000000   2.37405855   0.00000000
 84.30000000   2.37405855   0.00000000
 84.40000000   2.37405855   0.00000000
 84.50000000   2.37405855   0.00000000
 84.60000000   2.37405855   0.00000000
 84.70000000   2.37405855   0.00000000
 84.80000000   2.37405855   0.00000000
 84.90000000   2.37405855   0.00000000
 85.00000000   2.37405855   0.00000000
 85.10000000   2.37405855   0.00000000
 85.20000000   2.37405855   0.00000000
 85.30000000   2.37405855   0.00000000
 85.40000000   2.37405855   0.00000000
 85.50000000   2.37405855   0.00000000
 85.60000000   2.37405855   0.00000000
 85.70000000   2.37405855   0.00000000
 85.80000000   2.37405855   0.00000000
 85.90000000   2.37405855   0.00000000
 86.00000000   2.37405855   0.00000000
 86.10000000   2.37405855   0.00000000
 86.20000000   2.37405855   0.00000000
 86.30000000   2.37405855   0.00000000
 86.40000000   2.37405855   0.00000000
 86.50000000   2.37405855   0.00000000
 86.60000000   2.37405855   0.00000000
 86.70000000   2.37405855   0.00000000
 86.80000000   2.37405855   0.00000000
 86.90000000   2.37405855   0.00000000
 87.00000000   2.37405855   0.00000000
 87.10000000   2.37405855   0.00000000
 87.20000000   2.37405855   0.00000000
 87.30000000   2.37405855   0.00000000
 87.40000000   2.37405855   0.00000000
 87.50000000   2.37405855   0.00000000
 87.60000000   2.37405855   0.00000000
 87.70000000   2.37405855   0.00000000
 87.80000000   2.37405855   0.00000000
 87.90000000   2.37405855   0.00000000
 88.00000000   2.37405855   0.00000000
 88.10000000   2.37405855   0.00000000
 88.20000000   2.37405855   0.00000000
 88.30000000   2.37405855   0.00000000
 88.40000000   2.37405855   0.00000000
 88.50000000   2.37405855   0.00000000
 88.60000000   2.37405855   0.00000000
 88.70000000   2.37405855   0.00000000
 88.80000000   2.37405855   0.00000000
 88.90000000   2.37405855   0.00000000
 89.00000000   2.37405855   0.00000000
 89.10000000   2.37405855   0.00000000
 89.20000000   2.37405855   0.00000000
 89.30000000   2.37405855   0.00000000
 89.40000000   2.37405855   0.00000000
 89.50000000   2.37405855   0.00000000
 89.60000000   2.37405855   0.00000000
 89.70000000   2.37405855   0.00000000
 89.80000000   2.37405855   0.00000000
 89.90000000   2.37405855   0.00000000
 90.00000000   2.37405855   0.00000000
 90.10000000   2.37405855   0.00000000
 90.20000000   2.37405855   0.00000000
 90.30000000   2.37405855   0.00000000
 90.40000000   2.37405855   0.00000000
 90.50000000   2.37405855   0.00000000
 90.60000000   2.37405855   0.00000000
 90.70000000   2.37405855   0.00000000
 90.80000000   2.37405855   0.00000000
 90.90000000   2.37405855   0.00000000
 91.00000000   2.37405855   0.00000000
 91.10000000   2.37405855   0.00000000
 91.20000000   2.37405855   0.00000000
 91.30000000   2.37405855   0.00000000
 91.40000000   2.37405855   0.00000000
 91.50000000   2.37405855   0.00000000
 91.60000000   2.37405855   0.00000000
 91.70000000   2.37405855   0.00000000
 91.80000000   2.37405855   0.00000000
 91.90000000   2.37405855   0.00000000
 92.00000000   2.37405855   0.00000000
 92.10000000   2.37405855   0.00000000
 92.20000000   2.37405855   0.00000000
 92.30000000   2.37405855   0.00000000
 92.40000000   2.37405855   0.00000000
 92.50000000   2.37405855   0.00000000
 92.60000000   2.37405855   0.00000000
 92.70000000   2.37405855   0.00000000
 92.80000000   2.37405855   0.00000000
 92.90000000   2.37405855   0.00000000
 93.00000000   2.37405855   0.00000000
 93.10000000   2.37405855   0.00000000
 93.20000000   2.37405855   0.00000000
 93.30000000   2.37405855   0.00000000
 93.40000000   2.37405855   0.00000000
 93.50000000   2.37405855   0.00000000
 93.60000000   2.37405855   0.00000000
 93.70000000   2.37405855   0.00000000
 93.80000000   2.37405855   0.00000000
 93.90000000   2.37405855   0.00000000
 94.00000000   2.37405855   0.00000000
 94.10000000   2.37405855   0.00000000
 94.20000000   2.37405855   0.00000000
 94.30000000   2.37405855   0.00000000
 94.40000000   2.37405855   0.00000000
 94.50000000   2.37405855   0.00000000
 94.60000000   2.37405855   0.00000000
 94.70000000   2.37405855   0.00000000
 94.80000000   2.37405855   0.00000000
 94.90000000   2.37405855   0.00000000
 95.00000000   2.37405855   0.00000000
 95.10000000   2.37405855   0.00000000
 95.20000000   2.37405855   0.00000000
 95.30000000   2.37405855   0.00000000
 95.40000000   2.37405855   0.00000000
 95.50000000   2.37405855   0.00000000
 95.60000000   2.37405855   0.00000000
 95.70000000   2.37405855   0.00000000
 95.80000000   2.37405855   0.00000000
 95.90000000   2.37405855   0.00000000
 96.00000000   2.37405855   0.00000000
 96.10000000   2.37405855   0.00000000
 96.20000000   2.37405855   0.00000000
 96.30000000   2.37405855   0.00000000
 96.40000000   2.37405855   0.00000000
 96.50000000   2.37405855   0.00000000
 96.60000000   2.37405855   0.00000000
 96.70000000   2.37405855   0.00000000
 96.80000000   2.37405855   0.00000000
 96.90000000   2.37405855   0.00000000
 97.00000000   2.37405855   0.00000000
 97.10000000   2.37405855   0.00000000
 97.20000000   2.37405855   0.00000000
 97.30000000   2.37405855   0.00000000
 97.40000000   2.37405855   0.00000000
 97.50000000   2.37405855   0.00000000
 97.60000000   2.37405855   0.00000000
 97.70000000   2.37405855   0.00000000
 97.80000000   2.37405855   0.00000000
 97.90000000   2.37405855   0.00000000
 98.00000000   2.37405855   0.00000000
 98.10000000   2.37405855   0.00000000
 98.20000000   2.37405855   0.00000000
 98.30000000   2.37405855   0.00000000
 98.40000000   2.37405855   0.00000000
 98.50000000   2.37405855   0.00000000
 98.60000000   2.37405855   0.00000000
 98.70000000   2.37405855   0.00000000
 98.80000000   2.37405855   0.00000000
 98.90000000   2.37405855   0.00000000
 99.00000000   2.37405855   0.00000000
 99.10000000   2.37405855   0.00000000
 99.20000000   2.37405855   0.00000000
 99.30000000   2.37405855   0.00000000
 99.40000000   2.37405855   0.00000000
 99.50000000   2.37405855   0.00000000
 99.60000000   2.37405855   0.00000000
 99.70000000   2.37405855   0.00000000
 99.80000000   2.37405855   0.00000000
 99.90000000   2.37405855   0.00000000
100.00000000   2.37405855   0.00000000
100.10000000   2.37405855   0.00000000
100.20000000   2.37405855   0.00000000
100.30000000   2.37405855   0.00000000
100.40000000   2.37405855   0.00000000
100.50000000   2.37405855   0.00000000
100.60000000   2.37405855   0.00000000
100.70000000   2.37405855   0.00000000
100.80000000   2.37405855   0.00000000
100.90000000   2.37405855   0.00000000
101.00000000   2.37405855   0.00000000
101.10000000   2.37405855   0.00000000
101.20000000   2.37405855   0.00000000
101.30000000   2.37405855   0.00000000
101.40000000   2.37405855   0.00000000
101.50000000   2.37405855   0.00000000
101.60000000   2.37405855   0.00000000
101.70000000   2.37405855   0.00000000
101.80000000   2.37405855   0.00000000
101.90000000   2.37405855   0.00000000
102.00000000   2.37405855   0.00000000
102.10000000   2.37405855   0.00000000
102.20000000   2.37405855   0.00000000
102.30000000   2.37405855   0.00000000
102.40000000   2.37405855   0.00000000
102.50000000   2.37405855   0.00000000
102.60000000   2.37405855   0.00000000
102.70000000   2.37405855   0.00000000
102.80000000   2.37405855   0.00000000
102.90000000   2.37405855   0.00000000
103.00000000   2.37405855   0.00000000
103.10000000   2.37405855   0.00000000
103.20000000   2.37405855   0.00000000
103.30000000   2.37405855   0.00000000
103.40000000   2.37405855   0.00000000
103.50000000   2.37405855   0.00000000
103.60000000   2.37405855   0.00000000
103.70000000   2.37405855   0.00000000
103.80000000   2.37405855   0.00000000
103.90000000   2.37405855   0.00000000
104.00000000   2.37405855   0.00000000
104.10000000   2.37405855   0.00000000
104.20000000   2.37405855   0.00000000
104.30000000   2.37405855   0.00000000
104.40000000   2.37405855   0.00000000
104.50000000   2.37405855   0.00000000
104.60000000   2.37405855   0.00000000
104.70000000   2.37405855   0.00000000
104.80000000   2.37405855   0.00000000
104.90000000   2.37405855   0.00000000
105.00000000   2.37405855   0.00000000
105.10000000   2.37405855   0.00000000
105.20000000   2.37405855   0.00000000
105.30000000   2.37405855   0.00000000
105.40000000   2.37405855   0.00000000
105.50000000   2.37405855   0.00000000
105.60000000   2.37405855   0.00000000
105.70000000   2.37405855   0.00000000
105.80000000   2.37405855   0.00000000
105.90000000   2.37405855   0.00000000
106.00000000   2.37405855   0.00000000
106.10000000   2.37405855   0.00000000
106.20000000   2.37405855   0.00000000
106.30000000   2.37405855   0.00000000
106.40000000   2.37405855   0.00000000
106.50000000   2.37405855   0.00000000
106.60000000   2.37405855   0.00000000
106.70000000   2.37405855   0.00000000
106.80000000   2.37405855   0.00000000
106.90000000   2.37405855   0.00000000
107.00000000   2.37405855   0.00000000
107.10000000   2.37405855   0.00000000
107.20000000   2.37405855   0.00000000
107.30000000   2.37405855   0.00000000
107.40000000   2.37405855   0.00000000
107.50000000   2.37405855   0.00000000
107.60000000   2.37405855   0.00000000
107.70000000   2.37405855   0.00000000
107.80000000   2.37405855   0.00000000
107.90000000   2.37405855   0.00000000
108.00000000   2.37405855   0.00000000
108.10000000   2.37405855   0.00000000
108.20000000   2.37405855   0.00000000
108.30000000   2.37405855   0.00000000
108.40000000   2.37405855   0.00000000
108.50000000   2.37405855   0.00000000
108.60000000   2.37405855   0.00000000
108.70000000   2.37405855   0.00000000
108.80000000   2.37405855   0.00000000
108.90000000   2.37405855   0.00000000
109.00000000   2.37405855   0.00000000
109.10000000   2.37405855   0.00000000
109.20000000   2.37405855   0.00000000
109.30000000   2.37405855   0.00000000
109.40000000   2.37405855   0.00000000
109.50000000   2.37405855   0.00000000
109.60000000   2.37405855   0.00000000
109.70000000   2.37405855   0.00000000
109.80000000   2.37405855   0.00000000
109.90000000   2.37405855   0.00000000
110.00000000   2.37405855   0.00000000
110.10000000   2.37405855   0.00000000
110.20000000   2.37405855   0.00000000
110.30000000   2.37405855   0.00000000
110.40000000   2.37405855   0.00000000
110.50000000   2.37405855   0.00000000
110.60000000   2.37405855   0.00000000
110.70000000   2.37405855   0.00000000
110.80000000   2.37405855   0.00000000
110.90000000   2.37405855   0.00000000
111.00000000   2.37405855   0.00000000
111.10000000   2.37405855   0.00000000
111.20000000   2.37405855   0.00000000
111.30000000   2.37405855   0.00000000
111.40000000   2.37405855   0.00000000
111.50000000   2.37405855   0.00000000
111.60000000   2.37405855   0.00000000
111.70000000   2.37405855   0.00000000
111.80000000   2.37405855   0.00000000
111.90000000   2.37405855   0.00000000
112.00000000   2.37405855   0.00000000
112.10000000   2.37405855   0.00000000
112.20000000   2.37405855   0.00000000
112.30000000   2.37405855   0.00000000
112.40000000   2.37405855   0.00000000
112.50000000   2.37405855   0.00000000
112.60000000   2.37405855   0.00000000
112.70000000   2.37405855   0.00000000
112.80000000   2.37405855   0.00000000
112.90000000   2.37405855   0.00000000
113.00000000   2.37405855   0.00000000
113.10000000   2.37405855   0.00000000
113.20000000   2.37405855   0.00000000
113.30000000   2.37405855   0.00000000
113.40000000   2.37405855   0.00000000
113.50000000   2.37405855   0.00000000
113.60000000   2.37405855   0.00000000
113.70000000   2.37405855   0.00000000
113.80000000   2.37405855   0.00000000
113.90000000   2.37405855   0.00000000
114.00000000   2.37405855   0.00000000
114.10000000   2.37405855   0.00000000
114.20000000   2.37405855   0.00000000
114.30000000   2.37405855   0.00000000
114.40000000   2.37405855   0.00000000
114.50000000   2.37405855   0.00000000
114.60000000   2.37405855   0.00000000
114.70000000   2.37405855   0.00000000
114.80000000   2.37405855   0.00000000
114.90000000   2.37405855   0.00000000
115.00000000   2.37405855   0.00000000
115.10000000   2.37405855   0.00000000
115.20000000   2.37405855   0.00000000
115.30000000   2.37405855   0.00000000
115.40000000   2.37405855   0.00000000
115.50000000   2.37405855   0.00000000
115.60000000   2.37405855   0.00000000
115.70000000   2.37405855   0.00000000
115.80000000   2.37405855   0.00000000
115.90000000   2.37405855   0.00000000
116.00000000   2.37405855   0.00000000
116.10000000   2.37405855   0.00000000
116.20000000   2.37405855   0.00000000
116.30000000   2.37405855   0.00000000
116.40000000   2.37405855   0.00000000
116.50000000   2.37405855   0.00000000
116.60000000   2.37405855   0.00000000
116.70000000   2.37405855   0.00000000
116.80000000   2.37405855   0.00000000
116.90000000   2.37405855   0.00000000
117.00000000   2.37405855   0.00000000
117.10000000   2.37405855   0.00000000
117.20000000   2.37405855   0.00000000
117.30000000   2.37405855   0.00000000
117.40000000   2.37405855   0.00000000
117.50000000   2.37405855   0.00000000
117.60000000   2.37405855   0.00000000
117.70000000   2.37405855   0.00000000
117.80000000   2.37405855   0.00000000
117.90000000   2.37405855   0.00000000
118.00000000   2.37405855   0.00000000
118.10000000   2.37405855   0.00000000
118.20000000   2.37405855   0.00000000
118.30000000   2.37405855   0.00000000
118.40000000   2.37405855   0.00000000
118.50000000   2.37405855   0.00000000
118.60000000   2.37405855   0.00000000
118.70000000   2.37405855   0.00000000
118.80000000   2.37405855   0.00000000
118.90000000   2.37405855   0.00000000
119.00000000   2.37405855   0.00000000
119.10000000   2.37405855   0.00000000
119.20000000   2.37405855   0.00000000
119.30000000   2.37405855   0.00000000
119.40000000   2.37405855   0.00000000
119.50000000   2.37405855   0.00000000
119.60000000   2.37405855   0.00000000
119.70000000   2.37405855   0.00000000
119.80000000   2.37405855   0.00000000
119.90000000   2.37405855   0.00000000
120.00000000   2.37405855   0.00000000
120.10000000   2.37405855   0.00000000
120.20000000   2.37405855   0.00000000
120.30000000   2.37405855   0.00000000
120.40000000   2.37405855   0.00000000
120.50000000   2.37405855   0.00000000
120.60000000   2.37405855   0.00000000
120.70000000   2.37405855   0.00000000
120.80000000   2.37405855   0.00000000
120.90000000   2.37405855   0.00000000
121.00000000   2.37405855   0.00000000
121.10000000   2.37405855   0.00000000
121.20000000   2.37405855   0.00000000
121.30000000   2.37405855   0.00000000
121.40000000   2.37405855   0.00000000
121.50000000   2.37405855   0.00000000
121.60000000   2.37405855   0.00000000
121.70000000   2.37405855   0.00000000
121.80000000   2.37405855   0.00000000
121.90000000   2.37405855   0.00000000
122.00000000   2.37405855   0.00000000
122.10000000   2.37405855   0.00000000
122.20000000   2.37405855   0.00000000
122.30000000   2.37405855   0.00000000
122.40000000   2.37405855   0.00000000
122.50000000   2.37405855   0.00000000
122.60000000   2.37405855   0.00000000
122.70000000   2.37405855   0.00000000
122.80000000   2.37405855   0.00000000
122.90000000   2.37405855   0.00000000
123.00000000   2.37405855   0.00000000
123.10000000   2.37405855   0.00000000
123.20000000   2.37405855   0.00000000
123.30000000   2.37405855   0.00000000
123.40000000   2.37405855   0.00000000
123.50000000   2.37405855   0.00000000
123.60000000   2.37405855   0.00000000
123.70000000   2.37405855   0.00000000
123.80000000   2.37405855   0.00000000
123.90000000   2.37405855   0.00000000
124.00000000   2.37405855   0.00000000
124.10000000   2.37405855   0.00000000
124.20000000   2.37405855   0.00000000
124.30000000   2.37405855   0.00000000
124.40000000   2.37405855   0.00000000
124.50000000   2.37405855   0.00000000
124.60000000   2.37405855   0.00000000
124.70000000   2.37405855   0.00000000
124.80000000   2.37405855   0.00000000
124.90000000   2.37405855   0.00000000
125.00000000   2.37405855   0.00000000
125.10000000   2.37405855   0.00000000
125.20000000   2.37405855   0.00000000
125.30000000   2.37405855   0.00000000
125.40000000   2.37280540   0.00000000
125.50000000   2.37280540   0.00000000
125.60000000   2.37280540   0.00000000
125.70000000   2.37280540   0.00000000
125.80000000   2.37280540   0.00000000
125.90000000   2.37151308   0.00000000
126.00000000   2.37151308   0.00000000
126.10000000   2.37151308   0.00000000
126.20000000   2.37151308   0.00000000
126.30000000   2.37151308   0.00000000
126.40000000   2.36972889   0.00000000
126.50000000   2.36972889   0.00000000
126.60000000   2.36972889   0.00000000
126.70000000   2.36972889   0.00000000
126.80000000   2.36972889   0.00000000
126.90000000   2.36740024   0.00000000
127.00000000   2.36740024   0.00000000
127.10000000   2.36740024   0.00000000
127.20000000   2.36740024   0.00000000
127.30000000   2.36740024   0.00000000
127.40000000   2.36446109   0.00000000
127.50000000   2.36446109   0.00000000
127.60000000   2.36446109   0.00000000
127.70000000   2.36446109   0.00000000
127.80000000   2.36446109   0.00000000
127.90000000   2.36083192   0.00000000
128.00000000   2.36083192   0.00000000
128.10000000   2.36083192   0.00000000
128.20000000   2.36083192   0.00000000
128.30000000   2.36083192   0.00000000
128.40000000   2.35641966   0.00000000
128.50000000   2.35641966   0.00000000
128.60000000   2.35641966   0.00000000
128.70000000   2.35641966   0.00000000
128.80000000   2.35641966   0.00000000
128.90000000   2.35111785   0.00000000
129.00000000   2.35111785   0.00000000
129.10000000   2.35111785   0.00000000
129.20000000   2.35111785   0.00000000
129.30000000   2.35111785   0.00000000
129.40000000   2.34480682   0.00000000
129.50000000   2.34480682   0.00000000
129.60000000   2.34480682   0.00000000
129.70000000   2.34480682   0.00000000
129.80000000   2.34480682   0.00000000
129.90000000   2.33735417   0.00000000
130.00000000   2.33735417   0.00000000
130.10000000   2.33735417   0.00000000
130.20000000   2.33735417   0.00000000
130.30000000   2.33735417   0.00000000
130.40000000   2.32861549   0.00000000
130.50000000   2.32861549   0.00000000
130.60000000   2.32861549   0.00000000
130.70000000   2.32861549   0.00000000
130.80000000   2.32861549   0.00000000
130.90000000   2.31843531   0.00000000
131.00000000   2.31843531   0.00000000
131.10000000   2.31843531   0.00000000
131.20000000   2.31843531   0.00000000
131.30000000   2.31843531   0.00000000
131.40000000   2.30664846   0.00000000
131.50000000   2.30664846   0.00000000
131.60000000   2.30664846   0.00000000
131.70000000   2.30664846   0.00000000
131.80000000   2.30664846   0.00000000
131.90000000   2.29308174   0.00000000
132.00000000   2.29308174   0.00000000
132.10000000   2.29308174   0.00000000
132.20000000   2.29308174   0.00000000
132.30000000   2.29308174   0.00000000
132.40000000   2.27755603   0.00000000
132.50000000   2.27755603   0.00000000
132.60000000   2.27755603   0.00000000
132.70000000   2.27755603   0.00000000
132.80000000   2.27755603   0.00000000
132.90000000   2.25988874   0.00000000
133.00000000   2.25988874   0.00000000
133.10000000   2.25988874   0.00000000
133.20000000   2.25988874   0.00000000
133.30000000   2.25988874   0.00000000
133.40000000   2.23989669   0.00000000
133.50000000   2.23989669   0.00000000
133.60000000   2.23989669   0.00000000
133.70000000   2.23989669   0.00000000
133.80000000   2.23989669   0.00000000
133.90000000   2.21739936   0.00000000
134.00000000   2.21739936   0.00000000
134.10000000   2.21739936   0.00000000
134.20000000   2.21739936   0.00000000
134.30000000   2.21739936   0.00000000
134.40000000   2.19222246   0.00000000
134.50000000   2.19222246   0.00000000
134.60000000   2.19222246   0.00000000
134.70000000   2.19222246   0.00000000
134.80000000   2.19222246   0.00000000
134.90000000   2.16420183   0.00000000
135.00000000   2.16420183   0.00000000
135.10000000   2.16420183   0.00000000
135.20000000   2.16420183   0.00000000
135.30000000   2.16420183   0.00000000
135.40000000   2.13318743   0.00000000
135.50000000   2.13318743   0.00000000
135.60000000   2.13318743   0.00000000
135.70000000   2.13318743   0.00000000
135.80000000   2.13318743   0.00000000
135.90000000   2.09904764   0.00000000
136.00000000   2.09904764   0.00000000
136.10000000   2.09904764   0.00000000
136.20000000   2.09904764   0.00000000
136.30000000   2.09904764   0.00000000
136.40000000   2.06167336   0.00000000
136.50000000   2.06167336   0.00000000
136.60000000   2.06167336   0.00000000
136.70000000   2.06167336   0.00000000
136.80000000   2.06167336   0.00000000
136.90000000   2.02098217   0.00000000
137.00000000   2.02098217   0.00000000
137.10000000   2.02098217   0.00000000
137.20000000   2.02098217   0.00000000
137.30000000   2.02098217   0.00000000
137.40000000   1.97692219   0.00000000
137.50000000   1.97692219   0.00000000
137.60000000   1.97692219   0.00000000
137.70000000   1.97692219   0.00000000
137.80000000   1.97692219   0.00000000
137.90000000   1.92947559   0.00000000
138.00000000   1.92947559   0.00000000
138.10000000   1.92947559   0.00000000
138.20000000   1.92947559   0.00000000
138.30000000   1.92947559   0.00000000
138.40000000   1.87866161   0.00000000
138.50000000   1.87866161   0.00000000
138.60000000   1.87866161   0.00000000
138.70000000   1.87866161   0.00000000
138.80000000   1.87866161   0.00000000
138.90000000   1.82453901   0.00000000
139.00000000   1.82453901   0.00000000
139.10000000   1.82453901   0.00000000
139.20000000   1.82453901   0.00000000
139.30000000   1.82453901   0.00000000
139.40000000   1.76720771   0.00000000
139.50000000   1.76720771   0.00000000
139.60000000   1.76720771   0.00000000
139.70000000   1.76720771   0.00000000
139.80000000   1.76720771   0.00000000
139.90000000   1.70680971   0.00000000
140.00000000   1.70680971   0.00000000
140.10000000   1.70680971   0.00000000
140.20000000   1.70680971   0.00000000
140.30000000   1.70680971   0.00000000
140.40000000   1.64352903   0.00000000
140.50000000   1.64352903   0.00000000
140.60000000   1.64352903   0.00000000
140.70000000   1.64352903   0.00000000
140.80000000   1.64352903   0.00000000
140.90000000   1.57759079   0.00000000
141.00000000   1.57759079   0.00000000
141.10000000   1.57759079   0.00000000
141.20000000   1.57759079   0.00000000
141.30000000   1.57759079   0.00000000
141.40000000   1.50925920   0.00000000
141.50000000   1.50925920   0.00000000
141.60000000   1.50925920   0.00000000
141.70000000   1.50925920   0.00000000
141.80000000   1.50925920   0.00000000
141.90000000   1.43883476   0.00000000
142.00000000   1.43883476   0.00000000
142.10000000   1.43883476   0.00000000
142.20000000   1.43883476   0.00000000
142.30000000   1.43883476   0.00000000
142.40000000   1.36665038   0.00000000
142.50000000   1.36665038   0.00000000
142.60000000   1.36665038   0.00000000
142.70000000   1.36665038   0.00000000
142.80000000   1.36665038   0.00000000
142.90000000   1.29306681   0.00000000
143.00000000   1.29306681   0.00000000
143.10000000   1.29306681   0.00000000
143.20000000   1.29306681   0.00000000
143.30000000   1.29306681   0.00000000
143.40000000   1.21846721   0.00000000
143.50000000   1.21846721   0.00000000
143.60000000   1.21846721   0.00000000
143.70000000   1.21846721   0.00000000
143.80000000   1.21846721   0.00000000
143.90000000   1.14325125   0.00000000
144.00000000   1.14325125   0.00000000
144.10000000   1.14325125   0.00000000
144.20000000   1.14325125   0.00000000
144.30000000   1.14325125   0.00000000
144.40000000   1.06782863   0.00000000
144.50000000   1.06782863   0.00000000
144.60000000   1.06782863   0.00000000
144.70000000   1.06782863   0.00000000
144.80000000   1.06782863   0.00000000
144.90000000   0.99261242   0.00000000
145.00000000   0.99261242   0.00000000
145.10000000   0.99261242   0.00000000
145.20000000   0.99261242   0.00000000
145.30000000   0.99261242   0.00000000
145.40000000   0.91801231   0.00000000
145.50000000   0.91801231   0.00000000
145.60000000   0.91801231   0.00000000
145.70000000   0.91801231   0.00000000
145.80000000   0.91801231   0.00000000
145.90000000   0.84442790   0.00000000
146.00000000   0.84442790   0.00000000
146.10000000   0.84442790   0.00000000
146.20000000   0.84442790   0.00000000
146.30000000   0.84442790   0.00000000
146.40000000   0.77224234   0.00000000
146.50000000   0.77224234   0.00000000
146.60000000   0.77224234   0.00000000
146.70000000   0.77224234   0.00000000
146.80000000   0.77224234   0.00000000
146.90000000   0.70181648   0.00000000
147.00000000   0.70181648   0.00000000
147.10000000   0.70181648   0.00000000
147.20000000   0.70181648   0.00000000
147.30000000   0.70181648   0.00000000
147.40000000   0.63348375   0.00000000
147.50000000   0.63348375   0.00000000
147.60000000   0.63348375   0.00000000
147.70000000   0.63348375   0.00000000
147.80000000   0.63348375   0.00000000
147.90000000   0.56754590   0.00000000
148.00000000   0.56754590   0.00000000
148.10000000   0.56754590   0.00000000
148.20000000   0.56754590   0.00000000
148.30000000   0.56754590   0.00000000
148.40000000   0.50426995   0.00000000
148.50000000   0.50426995   0.00000000
148.60000000   0.50426995   0.00000000
148.70000000   0.50426995   0.00000000
148.80000000   0.50426995   0.00000000
148.90000000   0.44388665   0.00000000
149.00000000   0.44388665   0.00000000
149.10000000   0.44388665   0.00000000
149.20000000   0.44388665   0.00000000
149.30000000   0.44388665   0.00000000
149.40000000   0.38659050   0.00000000
149.50000000   0.38659050   0.00000000
149.60000000   0.38659050   0.00000000
149.70000000   0.38659050   0.00000000
149.80000000   0.38659050   0.00000000
149.90000000   0.33254194   0.00000000
150.00000000   0.33254194   0.00000000
150.10000000   0.33254194   0.00000000
150.20000000   0.33254194   0.00000000
150.30000000   0.33254194   0.00000000
150.40000000   0.28187185   0.00000000
150.50000000   0.28187185   0.00000000
150.60000000   0.28187185   0.00000000
150.70000000   0.28187185   0.00000000
150.80000000   0.28187185   0.00000000
150.90000000   0.23468871   0.00000000
151.00000000   0.23468871   0.00000000
151.10000000   0.23468871   0.00000000
151.20000000   0.23468871   0.00000000
151.30000000   0.23468871   0.00000000
151.40000000   0.19108861   0.00000000
151.50000000   0.19108861   0.00000000
151.60000000   0.19108861   0.00000000
151.70000000   0.19108861   0.00000000
151.80000000   0.19108861   0.00000000
151.90000000   0.15116809   0.00000000
152.00000000   0.15116809   0.00000000
152.10000000   0.15116809   0.00000000
152.20000000   0.15116809   0.00000000
152.30000000   0.15116809   0.00000000
152.40000000   0.11503935   0.00000000
152.50000000   0.11503935   0.00000000
152.60000000   0.11503935   0.00000000
152.70000000   0.11503935   0.00000000
152.80000000   0.11503935   0.00000000
152.90000000   0.08284725   0.00000000
153.00000000   0.08284725   0.00000000
153.10000000   0.08284725   0.00000000
153.20000000   0.08284725   0.00000000
153.30000000   0.08284725   0.00000000
153.40000000   0.05478637   0.00000000
153.50000000   0.05478637   0.00000000
153.60000000   0.05478637   0.00000000
153.70000000   0.05478637   0.00000000
153.80000000   0.05478637   0.00000000
153.90000000   0.03111651   0.00000000
154.00000000   0.03111651   0.00000000
154.10000000   0.03111651   0.00000000
154.20000000   0.03111651   0.00000000
154.30000000   0.03111651   0.00000000
154.40000000   0.01217365   0.00000000
154.50000000   0.01217365   0.00000000
154.60000000   0.01217365   0.00000000
154.70000000   0.01217365   0.00000000
154.80000000   0.01217365   0.00000000
154.90000000  -0.00162616   0.00000000
155.00000000  -0.00162616   0.00000000
155.10000000  -0.00162616   0.00000000
155.20000000  -0.00162616   0.00000000
155.30000000  -0.00162616   0.00000000
155.40000000  -0.00979332   0.00000000
155.50000000  -0.00979332   0.00000000
155.60000000  -0.00979332   0.00000000
155.70000000  -0.00979332   0.00000000
155.80000000  -0.00979332   0.00000000
155.90000000  -0.01178389   0.00000000
156.00000000  -0.01178389   0.00000000
156.10000000  -0.01178389   0.00000000
156.20000000  -0.01178389   0.00000000
156.30000000  -0.01178389   0.00000000
156.40000000  -0.00703322   0.00000000
156.50000000  -0.00703322   0.00000000
156.60000000  -0.00703322   0.00000000
156.70000000  -0.00703322   0.00000000
156.80000000  -0.00703322   0.00000000
156.90000000   0.00499594   0.00000000
157.00000000   0.00499594   0.00000000
157.10000000   0.00499594   0.00000000
157.20000000   0.00499594   0.00000000
157.30000000   0.00499594   0.00000000
157.40000000   0.02475268   0.00000000
157.50000000   0.02475268   0.00000000
157.60000000   0.02475268   0.00000000
157.70000000   0.02475268   0.00000000
157.80000000   0.02475268   0.00000000
157.90000000   0.05252840   0.00000000
158.00000000   0.05252840   0.00000000
158.10000000   0.05252840   0.00000000
158.20000000   0.05252840   0.00000000
158.30000000   0.05252840   0.00000000
158.40000000   0.08838431   0.00000000
158.50000000   0.08838431   0.00000000
158.60000000   0.08838431   0.00000000
158.70000000   0.08838431   0.00000000
158.80000000   0.08838431   0.00000000
158.90000000   0.13208318   0.00000000
159.00000000   0.13208318   0.00000000
159.10000000   0.13208318   0.00000000
159.20000000   0.13208318   0.00000000
159.30000000   0.13208318   0.00000000
159.40000000   0.18303346   0.00000000
159.50000000   0.18303346   0.00000000
159.60000000   0.18303346   0.00000000
159.70000000   0.18303346   0.00000000
159.80000000   0.18303346   0.00000000
159.90000000   0.24025336   0.00000000
160.00000000   0.24025336   0.00000000
160.10000000   0.24025336   0.00000000
160.20000000   0.24025336   0.00000000
160.30000000   0.24025336   0.00000000
160.40000000   0.30236150   0.00000000
160.50000000   0.30236150   0.00000000
160.60000000   0.30236150   0.00000000
160.70000000   0.30236150   0.00000000
160.80000000   0.30236150   0.00000000
160.90000000   0.36759838   0.00000000
161.00000000   0.36759838   0.00000000
161.10000000   0.36759838   0.00000000
161.20000000   0.36759838   0.00000000
161.30000000   0.36759838   0.00000000
161.40000000   0.43388020   0.00000000
161.50000000   0.43388020   0.00000000
161.60000000   0.43388020   0.00000000
161.70000000   0.43388020   0.00000000
161.80000000   0.43388020   0.00000000
161.90000000   0.49888366   0.00000000
162.00000000   0.49888366   0.00000000
162.10000000   0.49888366   0.00000000
162.20000000   0.49888366   0.00000000
162.30000000   0.49888366   0.00000000
162.40000000   0.56015696   0.00000000
162.50000000   0.56015696   0.00000000
162.60000000   0.56015696   0.00000000
162.70000000   0.56015696   0.00000000
162.80000000   0.56015696   0.00000000
162.90000000   0.61524988   0.00000000
163.00000000   0.61524988   0.00000000
163.10000000   0.61524988   0.00000000
163.20000000   0.61524988   0.00000000
163.30000000   0.61524988   0.00000000
163.40000000   0.66185375   0.00000000
163.50000000   0.66185375   0.00000000
163.60000000   0.66185375   0.00000000
163.70000000   0.66185375   0.00000000
163.80000000   0.66185375   0.00000000
163.90000000   0.69794064   0.00000000
164.00000000   0.69794064   0.00000000
164.10000000   0.69794064   0.00000000
164.20000000   0.69794064   0.00000000
164.30000000   0.69794064   0.00000000
164.40000000   0.72189093   0.00000000
164.50000000   0.72189093   0.00000000
164.60000000   0.72189093   0.00000000
164.70000000   0.72189093   0.00000000
164.80000000   0.72189093   0.00000000
164.90000000   0.73259884   0.00000000
165.00000000   0.73259884   0.00000000
165.10000000   0.73259884   0.00000000
165.20000000   0.73259884   0.00000000
165.30000000   0.73259884   0.00000000
165.40000000   0.72954671   0.00000000
165.50000000   0.72954671   0.00000000
165.60000000   0.72954671   0.00000000
165.70000000   0.72954671   0.00000000
165.80000000   0.72954671   0.00000000
165.90000000   0.71284114   0.00000000
166.00000000   0.71284114   0.00000000
166.10000000   0.71284114   0.00000000
166.20000000   0.71284114   0.00000000
166.30000000   0.71284114   0.00000000
166.40000000   0.68320695   0.00000000
166.50000000   0.68320695   0.00000000
166.60000000   0.68320695   0.00000000
166.70000000   0.68320695   0.00000000
166.80000000   0.68320695   0.00000000
166.90000000   0.64193818   0.00000000
167.00000000   0.64193818   0.00000000
167.10000000   0.64193818   0.00000000
167.20000000   0.64193818   0.00000000
167.30000000   0.64193818   0.00000000
167.40000000   0.59080947   0.00000000
167.50000000   0.59080947   0.00000000
167.60000000   0.59080947   0.00000000
167.70000000   0.59080947   0.00000000
167.80000000   0.59080947   0.00000000
167.90000000   0.53195461   0.00000000
168.00000000   0.53195461   0.00000000
168.10000000   0.53195461   0.00000000
168.20000000   0.53195461   0.00000000
168.30000000   0.53195461   0.00000000
168.40000000   0.46772232   0.00000000
168.50000000   0.46772232   0.00000000
168.60000000   0.46772232   0.00000000
168.70000000   0.46772232   0.00000000
168.80000000   0.46772232   0.00000000
168.90000000   0.40052176   0.00000000
169.00000000   0.40052176   0.00000000
169.10000000   0.40052176   0.00000000
169.20000000   0.40052176   0.00000000
169.30000000   0.40052176   0.00000000
169.40000000   0.33267114   0.00000000
169.50000000   0.33267114   0.00000000
169.60000000   0.33267114   0.00000000
169.70000000   0.33267114   0.00000000
169.80000000   0.33267114   0.00000000
169.90000000   0.26626234   0.00000000
170.00000000   0.26626234   0.00000000
170.10000000   0.26626234   0.00000000
170.20000000   0.26626234   0.00000000
170.30000000   0.26626234   0.00000000
170.40000000   0.20305243   0.00000000
170.50000000   0.20305243   0.00000000
170.60000000   0.20305243   0.00000000
170.70000000   0.20305243   0.00000000
170.80000000   0.20305243   0.00000000
170.90000000   0.14438971   0.00000000
171.00000000   0.14438971   0.00000000
171.10000000   0.14438971   0.00000000
171.20000000   0.14438971   0.00000000
171.30000000   0.14438971   0.00000000
171.40000000   0.09117778   0.00000000
171.50000000   0.09117778   0.00000000
171.60000000   0.09117778   0.00000000
171.70000000   0.09117778   0.00000000
171.80000000   0.09117778   0.00000000
171.90000000   0.04387709   0.00000000
172.00000000   0.04387709   0.00000000
172.10000000   0.04387709   0.00000000
172.20000000   0.04387709   0.00000000
172.30000000   0.04387709   0.00000000
172.40000000   0.00253959   0.00000000
172.50000000   0.00253959   0.00000000
172.60000000   0.00253959   0.00000000
172.70000000   0.00253959   0.00000000
172.80000000   0.00253959   0.00000000
172.90000000  -0.03313075   0.00000000
173.00000000  -0.03313075   0.00000000
173.10000000  -0.03313075   0.00000000
173.20000000  -0.03313075   0.00000000
173.30000000  -0.03313075   0.00000000
173.40000000  -0.06370031   0.00000000
173.50000000  -0.06370031   0.00000000
173.60000000  -0.06370031   0.00000000
173.70000000  -0.06370031   0.00000000
173.80000000  -0.06370031   0.00000000
173.90000000  -0.08991997   0.00000000
174.00000000  -0.08991997   0.00000000
174.10000000  -0.08991997   0.00000000
174.20000000  -0.08991997   0.00000000
174.30000000  -0.08991997   0.00000000
174.40000000  -0.11263941   0.00000000
174.50000000  -0.11263941   0.00000000
174.60000000  -0.11263941   0.00000000
174.70000000  -0.11263941   0.00000000
174.80000000  -0.11263941   0.00000000
174.90000000  -0.13272783   0.00000000
175.00000000  -0.13272783   0.00000000
175.10000000  -0.13272783   0.00000000
175.20000000  -0.13272783   0.00000000
175.30000000  -0.13272783   0.00000000
175.40000000  -0.15100584   0.00000000
175.50000000  -0.15100584   0.00000000
175.60000000  -0.15100584   0.00000000
175.70000000  -0.15100584   0.00000000
175.80000000  -0.15100584   0.00000000
175.90000000  -0.16819098   0.00000000
176.00000000  -0.16819098   0.00000000
176.10000000  -0.16819098   0.00000000
176.20000000  -0.16819098   0.00000000
176.30000000  -0.16819098   0.00000000
176.40000000  -0.18485776   0.00000000
176.50000000  -0.18485776   0.00000000
176.60000000  -0.18485776   0.00000000
176.70000000  -0.18485776   0.00000000
176.80000000  -0.18485776   0.00000000
176.90000000  -0.20141219   0.00000000
177.00000000  -0.20141219   0.00000000
177.10000000  -0.20141219   0.00000000
177.20000000  -0.20141219   0.00000000
177.30000000  -0.20141219   0.00000000
177.40000000  -0.21807966   0.00000000
177.50000000  -0.21807966   0.00000000
177.60000000  -0.21807966   0.00000000
177.70000000  -0.21807966   0.00000000
177.80000000  -0.21807966   0.00000000
177.90000000  -0.23490530   0.00000000
178.00000000  -0.23490530   0.00000000
178.10000000  -0.23490530   0.00000000
178.20000000  -0.23490530   0.00000000
178.30000000  -0.23490530   0.00000000
178.40000000  -0.25176541   0.00000000
178.50000000  -0.25176541   0.00000000
178.60000000  -0.25176541   0.00000000
178.70000000  -0.25176541   0.00000000
178.80000000  -0.25176541   0.00000000
178.90000000  -0.26838885   0.00000000
179.00000000  -0.26838885   0.00000000
179.10000000  -0.26838885   0.00000000
179.20000000  -0.26838885   0.00000000
179.30000000  -0.26838885   0.00000000
179.40000000  -0.28438688   0.00000000
179.50000000  -0.28438688   0.00000000
179.60000000  -0.28438688   0.00000000
179.70000000  -0.28438688   0.00000000
179.80000000  -0.28438688   0.00000000
179.90000000  -0.29929002   0.00000000
180.00000000  -0.29929002   0.00000000
180.10000000  -0.29929002   0.00000000
180.20000000  -0.29929002   0.00000000
180.30000000  -0.29929002   0.00000000
180.40000000  -0.31258954   0.00000000
180.50000000  -0.31258954   0.00000000
180.60000000  -0.31258954   0.00000000
180.70000000  -0.31258954   0.00000000
180.80000000  -0.31258954   0.00000000
180.90000000  -0.32378131   0.00000000
181.00000000  -0.32378131   0.00000000
181.10000000  -0.32378131   0.00000000
181.20000000  -0.32378131   0.00000000
181.30000000  -0.32378131   0.00000000
181.40000000  -0.33240870   0.00000000
181.50000000  -0.33240870   0.00000000
181.60000000  -0.33240870   0.00000000
181.70000000  -0.33240870   0.00000000
181.80000000  -0.33240870   0.00000000
181.90000000  -0.33810146   0.00000000
182.00000000  -0.33810146   0.00000000
182.10000000  -0.33810146   0.00000000
182.20000000  -0.33810146   0.00000000
182.30000000  -0.33810146   0.00000000
182.40000000  -0.34060740   0.00000000
182.50000000  -0.34060740   0.00000000
182.60000000  -0.34060740   0.00000000
182.70000000  -0.34060740   0.00000000
182.80000000  -0.34060740   0.00000000
182.90000000  -0.33981406   0.00000000
183.00000000  -0.33981406   0.00000000
183.10000000  -0.33981406   0.00000000
183.20000000  -0.33981406   0.00000000
183.30000000  -0.33981406   0.00000000
183.40000000  -0.33575857   0.00000000
183.50000000  -0.33575857   0.00000000
183.60000000  -0.33575857   0.00000000
183.70000000  -0.33575857   0.00000000
183.80000000  -0.33575857   0.00000000
183.90000000  -0.32862485   0.00000000
184.00000000  -0.32862485   0.00000000
184.10000000  -0.32862485   0.00000000
184.20000000  -0.32862485   0.00000000
184.30000000  -0.32862485   0.00000000
184.40000000  -0.31872830   0.00000000
184.50000000  -0.31872830   0.00000000
184.60000000  -0.31872830   0.00000000
184.70000000  -0.31872830   0.00000000
184.80000000  -0.31872830   0.00000000
184.90000000  -0.30648962   0.00000000
185.00000000  -0.30648962   0.00000000
185.10000000  -0.30648962   0.00000000
185.20000000  -0.30648962   0.00000000
185.30000000  -0.30648962   0.00000000
185.40000000  -0.29239997   0.00000000
185.50000000  -0.29239997   0.00000000
185.60000000  -0.29239997   0.00000000
185.70000000  -0.29239997   0.00000000
185.80000000  -0.29239997   0.00000000
185.90000000  -0.27698052   0.00000000
186.00000000  -0.27698052   0.00000000
186.10000000  -0.27698052   0.00000000
186.20000000  -0.27698052   0.00000000
186.30000000  -0.27698052   0.00000000
186.40000000  -0.26073964   0.00000000
186.50000000  -0.26073964   0.00000000
186.60000000  -0.26073964   0.00000000
186.70000000  -0.26073964   0.00000000
186.80000000  -0.26073964   0.00000000
186.90000000  -0.24413077   0.00000000
187.00000000  -0.24413077   0.00000000
187.10000000  -0.24413077   0.00000000
187.20000000  -0.24413077   0.00000000
187.30000000  -0.24413077   0.00000000
187.40000000  -0.22751364   0.00000000
187.50000000  -0.22751364   0.00000000
187.60000000  -0.22751364   0.00000000
187.70000000  -0.22751364   0.00000000
187.80000000  -0.22751364   0.00000000
187.90000000  -0.21112105   0.00000000
188.00000000  -0.21112105   0.00000000
188.10000000  -0.21112105   0.00000000
188.20000000  -0.21112105   0.00000000
188.30000000  -0.21112105   0.00000000
188.40000000  -0.19503283   0.00000000
188.50000000  -0.19503283   0.00000000
188.60000000  -0.19503283   0.00000000
188.70000000  -0.19503283   0.00000000
188.80000000  -0.19503283   0.00000000
188.90000000  -0.17915803   0.00000000
189.00000000  -0.17915803   0.00000000
189.10000000  -0.17915803   0.00000000
189.20000000  -0.17915803   0.00000000
189.30000000  -0.17915803   0.00000000
189.40000000  -0.16322645   0.00000000
189.50000000  -0.16322645   0.00000000
189.60000000  -0.16322645   0.00000000
189.70000000  -0.16322645   0.00000000
189.80000000  -0.16322645   0.00000000
189.90000000  -0.14679039   0.00000000
190.00000000  -0.14679039   0.00000000
190.10000000  -0.14679039   0.00000000
190.20000000  -0.14679039   0.00000000
190.30000000  -0.14679039   0.00000000
190.40000000  -0.12923775   0.00000000
190.50000000  -0.12923775   0.00000000
190.60000000  -0.12923775   0.00000000
190.70000000  -0.12923775   0.00000000
190.80000000  -0.12923775   0.00000000
190.90000000  -0.10981774   0.00000000
191.00000000  -0.10981774   0.00000000
191.10000000  -0.10981774   0.00000000
191.20000000  -0.10981774   0.00000000
191.30000000  -0.10981774   0.00000000
191.40000000  -0.08768012   0.00000000
191.50000000  -0.08768012   0.00000000
191.60000000  -0.08768012   0.00000000
191.70000000  -0.08768012   0.00000000
191.80000000  -0.08768012   0.00000000
191.90000000  -0.06192868   0.00000000
192.00000000  -0.06192868   0.00000000
192.10000000  -0.06192868   0.00000000
192.20000000  -0.06192868   0.00000000
192.30000000  -0.06192868   0.00000000
192.40000000  -0.03168825   0.00000000
192.50000000  -0.03168825   0.00000000
192.60000000  -0.03168825   0.00000000
192.70000000  -0.03168825   0.00000000
192.80000000  -0.03168825   0.00000000
192.90000000   0.00381694   0.00000000
193.00000000   0.00381694   0.00000000
193.10000000   0.00381694   0.00000000
193.20000000   0.00381694   0.00000000
193.30000000   0.00381694   0.00000000
193.40000000   0.04517770   0.00000000
193.50000000   0.04517770   0.00000000
193.60000000   0.04517770   0.00000000
193.70000000   0.04517770   0.00000000
193.80000000   0.04517770   0.00000000
193.90000000   0.09271353   0.00000000
194.00000000   0.09271353   0.00000000
194.10000000   0.09271353   0.00000000
194.20000000   0.09271353   0.00000000
194.30000000   0.09271353   0.00000000
194.40000000   0.14639346   0.00000000
194.50000000   0.14639346   0.00000000
194.60000000   0.14639346   0.00000000
194.70000000   0.14639346   0.00000000
194.80000000   0.14639346   0.00000000
194.90000000   0.20577332   0.00000000
195.00000000   0.20577332   0.00000000
195.10000000   0.20577332   0.00000000
195.20000000   0.20577332   0.00000000
195.30000000   0.20577332   0.00000000
195.40000000   0.26995830   0.00000000
195.50000000   0.26995830   0.00000000
195.60000000   0.26995830   0.00000000
195.70000000   0.26995830   0.00000000
195.80000000   0.26995830   0.00000000
195.90000000   0.33759848   0.00000000
196.00000000   0.33759848   0.00000000
196.10000000   0.33759848   0.00000000
196.20000000   0.33759848   0.00000000
196.30000000   0.33759848   0.00000000
196.40000000   0.40692201   0.00000000
196.50000000   0.40692201   0.00000000
196.60000000   0.40692201   0.00000000
196.70000000   0.40692201   0.00000000
196.80000000   0.40692201   0.00000000
196.90000000   0.47580701   0.00000000
197.00000000   0.47580701   0.00000000
197.10000000   0.47580701   0.00000000
197.20000000   0.47580701   0.00000000
197.30000000   0.47580701   0.00000000
197.40000000   0.54188910   0.00000000
197.50000000   0.54188910   0.00000000
197.60000000   0.54188910   0.00000000
197.70000000   0.54188910   0.00000000
197.80000000   0.54188910   0.00000000
197.90000000   0.60269691   0.00000000
198.00000000   0.60269691   0.00000000
198.10000000   0.60269691   0.00000000
198.20000000   0.60269691   0.00000000
198.30000000   0.60269691   0.00000000
198.40000000   0.65580505   0.00000000
198.50000000   0.65580505   0.00000000
198.60000000   0.65580505   0.00000000
198.70000000   0.65580505   0.00000000
198.80000000   0.65580505   0.00000000
198.90000000   0.69899131   0.00000000
199.00000000   0.69899131   0.00000000
199.10000000   0.69899131   0.00000000
199.20000000   0.69899131   0.00000000
199.30000000   0.69899131   0.00000000
199.40000000   0.73038454   0.00000000
199.50000000   0.73038454   0.00000000
199.60000000   0.73038454   0.00000000
199.70000000   0.73038454   0.00000000
199.80000000   0.73038454   0.00000000
199.90000000   0.74859039   0.00000000
200.00000000   0.74859039   0.00000000
200.10000000   0.74859039   0.00000000
200.20000000   0.74859039   0.00000000
200.30000000   0.74859039   0.00000000
200.40000000   0.75278434   0.00000000
200.50000000   0.75278434   0.00000000
200.60000000   0.75278434   0.00000000
200.70000000   0.75278434   0.00000000
200.80000000   0.75278434   0.00000000
200.90000000   0.74276481   0.00000000
201.00000000   0.74276481   0.00000000
201.10000000   0.74276481   0.00000000
201.20000000   0.74276481   0.00000000
201.30000000   0.74276481   0.00000000
201.40000000   0.71896265   0.00000000
201.50000000   0.71896265   0.00000000
201.60000000   0.71896265   0.00000000
201.70000000   0.71896265   0.00000000
201.80000000   0.71896265   0.00000000
201.90000000   0.68240743   0.00000000
202.00000000   0.68240743   0.00000000
202.10000000   0.68240743   0.00000000
202.20000000   0.68240743   0.00000000
202.30000000   0.68240743   0.00000000
202.40000000   0.63465433   0.00000000
202.50000000   0.63465433   0.00000000
202.60000000   0.63465433   0.00000000
202.70000000   0.63465433   0.00000000
202.80000000   0.63465433   0.00000000
202.90000000   0.57767844   0.00000000
203.00000000   0.57767844   0.00000000
203.10000000   0.57767844   0.00000000
203.20000000   0.57767844   0.00000000
203.30000000   0.57767844   0.00000000
203.40000000   0.51374560   0.00000000
203.50000000   0.51374560   0.00000000
203.60000000   0.51374560   0.00000000
203.70000000   0.51374560   0.00000000
203.80000000   0.51374560   0.00000000
203.90000000   0.44527043   0.00000000
204.00000000   0.44527043   0.00000000
204.10000000   0.44527043   0.00000000
204.20000000   0.44527043   0.00000000
204.30000000   0.44527043   0.00000000
204.40000000   0.37467251   0.00000000
204.50000000   0.37467251   0.00000000
204.60000000   0.37467251   0.00000000
204.70000000   0.37467251   0.00000000
204.80000000   0.37467251   0.00000000
204.90000000   0.30424173   0.00000000
205.00000000   0.30424173   0.00000000
205.10000000   0.30424173   0.00000000
205.20000000   0.30424173   0.00000000
205.30000000   0.30424173   0.00000000
205.40000000   0.23602239   0.00000000
205.50000000   0.23602239   0.00000000
205.60000000   0.23602239   0.00000000
205.70000000   0.23602239   0.00000000
205.80000000   0.23602239   0.00000000
205.90000000   0.17172363   0.00000000
206.00000000   0.17172363   0.00000000
206.10000000   0.17172363   0.00000000
206.20000000   0.17172363   0.00000000
206.30000000   0.17172363   0.00000000
206.40000000   0.11266144   0.00000000
206.50000000   0.11266144   0.00000000
206.60000000   0.11266144   0.00000000
206.70000000   0.11266144   0.00000000
206.80000000   0.11266144   0.00000000
206.90000000   0.05973382   0.00000000
207.00000000   0.05973382   0.00000000
207.10000000   0.05973382   0.00000000
207.20000000   0.05973382   0.00000000
207.30000000   0.05973382   0.00000000
207.40000000   0.01342823   0.00000000
207.50000000   0.01342823   0.00000000
207.60000000   0.01342823   0.00000000
207.70000000   0.01342823   0.00000000
207.80000000   0.01342823   0.00000000
207.90000000  -0.02614307   0.00000000
208.00000000  -0.02614307   0.00000000
208.10000000  -0.02614307   0.00000000
208.20000000  -0.02614307   0.00000000
208.30000000  -0.02614307   0.00000000
208.40000000  -0.05918622   0.00000000
208.50000000  -0.05918622   0.00000000
208.60000000  -0.05918622   0.00000000
208.70000000  -0.05918622   0.00000000
208.80000000  -0.05918622   0.00000000
208.90000000  -0.08615511   0.00000000
209.00000000  -0.08615511   0.00000000
209.10000000  -0.08615511   0.00000000
209.20000000  -0.08615511   0.00000000
209.30000000  -0.08615511   0.00000000
209.40000000  -0.10767540   0.00000000
209.50000000  -0.10767540   0.00000000
209.60000000  -0.10767540   0.00000000
209.70000000  -0.10767540   0.00000000
209.80000000  -0.10767540   0.00000000
209.90000000  -0.12447051   0.00000000
210.00000000  -0.12447051   0.00000000
210.10000000  -0.12447051   0.00000000
210.20000000  -0.12447051   0.00000000
210.30000000  -0.12447051   0.00000000
210.40000000  -0.13729591   0.00000000
210.50000000  -0.13729591   0.00000000
210.60000000  -0.13729591   0.00000000
210.70000000  -0.13729591   0.00000000
210.80000000  -0.13729591   0.00000000
210.90000000  -0.14688584   0.00000000
211.00000000  -0.14688584   0.00000000
211.10000000  -0.14688584   0.00000000
211.20000000  -0.14688584   0.00000000
211.30000000  -0.14688584   0.00000000
211.40000000  -0.15391440   0.00000000
211.50000000  -0.15391440   0.00000000
211.60000000  -0.15391440   0.00000000
211.70000000  -0.15391440   0.00000000
211.80000000  -0.15391440   0.00000000
211.90000000  -0.15897140   0.00000000
212.00000000  -0.15897140   0.00000000
212.10000000  -0.15897140   0.00000000
212.20000000  -0.15897140   0.00000000
212.30000000  -0.15897140   0.00000000
212.40000000  -0.16255114   0.00000000
212.50000000  -0.16255114   0.00000000
212.60000000  -0.16255114   0.00000000
212.70000000  -0.16255114   0.00000000
212.80000000  -0.16255114   0.00000000
212.90000000  -0.16505189   0.00000000
213.00000000  -0.16505189   0.00000000
213.10000000  -0.16505189   0.00000000
213.20000000  -0.16505189   0.00000000
213.30000000  -0.16505189   0.00000000
213.40000000  -0.16678287   0.00000000
213.50000000  -0.16678287   0.00000000
213.60000000  -0.16678287   0.00000000
213.70000000  -0.16678287   0.00000000
213.80000000  -0.16678287   0.00000000
213.90000000  -0.16797598   0.00000000
214.00000000  -0.16797598   0.00000000
214.10000000  -0.16797598   0.00000000
214.20000000  -0.16797598   0.00000000
214.30000000  -0.16797598   0.00000000
214.40000000  -0.16879949   0.00000000
214.50000000  -0.16879949   0.00000000
214.60000000  -0.16879949   0.00000000
214.70000000  -0.16879949   0.00000000
214.80000000  -0.16879949   0.00000000
214.90000000  -0.16937183   0.00000000
215.00000000  -0.16937183   0.00000000
215.10000000  -0.16937183   0.00000000
215.20000000  -0.16937183   0.00000000
215.30000000  -0.16937183   0.00000000
215.40000000  -0.16977415   0.00000000
215.50000000  -0.16977415   0.00000000
215.60000000  -0.16977415   0.00000000
215.70000000  -0.16977415   0.00000000
215.80000000  -0.16977415   0.00000000
215.90000000  -0.17080269   0.00000000
216.00000000  -0.17080269   0.00000000
216.10000000  -0.17080269   0.00000000
216.20000000  -0.17080269   0.00000000
216.30000000  -0.17080269   0.00000000
216.40000000  -0.17080269   0.00000000
216.50000000  -0.17080269   0.00000000
216.60000000  -0.17080269   0.00000000
216.70000000  -0.17080269   0.00000000
216.80000000  -0.17080269   0.00000000
216.90000000  -0.17080269   0.00000000
217.00000000  -0.17080269   0.00000000
217.10000000  -0.17080269   0.00000000
217.20000000  -0.17080269   0.00000000
217.30000000  -0.17080269   0.00000000
217.40000000  -0.17080269   0.00000000
217.50000000  -0.17080269   0.00000000
217.60000000  -0.17080269   0.00000000
217.70000000  -0.17080269   0.00000000
217.80000000  -0.17080269   0.00000000
217.90000000  -0.17080269   0.00000000
218.00000000  -0.17080269   0.00000000
218.10000000  -0.17080269   0.00000000
218.20000000  -0.17080269   0.00000000
218.30000000  -0.17080269   0.00000000
218.40000000  -0.17080269   0.00000000
218.50000000  -0.17080269   0.00000000
218.60000000  -0.17080269   0.00000000
218.70000000  -0.17080269   0.00000000
218.80000000  -0.17080269   0.00000000
218.90000000  -0.17080269   0.00000000
219.00000000  -0.17080269   0.00000000
219.10000000  -0.17080269   0.00000000
219.20000000  -0.17080269   0.00000000
219.30000000  -0.17080269   0.00000000
219.40000000  -0.17080269   0.00000000
219.50000000  -0.17080269   0.00000000
219.60000000  -0.17080269   0.00000000
219.70000000  -0.17080269   0.00000000
219.80000000  -0.17080269   0.00000000
219.90000000  -0.17080269   0.00000000
220.00000000  -0.17080269   0.00000000
220.10000000  -0.17080269   0.00000000
220.20000000  -0.17080269   0.00000000
220.30000000  -0.17080269   0.00000000
220.40000000  -0.17080269   0.00000000
220.50000000  -0.17080269   0.00000000
220.60000000  -0.17080269   0.00000000
220.70000000  -0.17080269   0.00000000
220.80000000  -0.17080269   0.00000000
220.90000000  -0.17080269   0.00000000
221.00000000  -0.17080269   0.00000000
221.10000000  -0.17080269   0.00000000
221.20000000  -0.17080269   0.00000000
221.30000000  -0.17080269   0.00000000
221.40000000  -0.17080269   0.00000000
221.50000000  -0.17080269   0.00000000
221.60000000  -0.17080269   0.00000000
221.70000000  -0.17080269   0.00000000
221.80000000  -0.17080269   0.00000000
221.90000000  -0.17080269   0.00000000
222.00000000  -0.17080269   0.00000000
222.10000000  -0.17080269   0.00000000
222.20000000  -0.17080269   0.00000000
222.30000000  -0.17080269   0.00000000
222.40000000  -0.17080269   0.00000000
222.50000000  -0.17080269   0.00000000
222.60000000  -0.17080269   0.00000000
222.70000000  -0.17080269   0.00000000
222.80000000  -0.17080269   0.00000000
222.90000000  -0.17080269   0.00000000
223.00000000  -0.17080269   0.00000000
223.10000000  -0.17080269   0.00000000
223.20000000  -0.17080269   0.00000000
223.30000000  -0.17080269   0.00000000
223.40000000  -0.17080269   0.00000000
223.50000000  -0.17080269   0.00000000
223.60000000  -0.17080269   0.00000000
223.70000000  -0.17080269   0.00000000
223.80000000  -0.17080269   0.00000000
223.90000000  -0.17080269   0.00000000
224.00000000  -0.17080269   0.00000000
224.10000000  -0.17080269   0.00000000
224.20000000  -0.17080269   0.00000000
224.30000000  -0.17080269   0.00000000
224.40000000  -0.17080269   0.00000000
224.50000000  -0.17080269   0.00000000
224.60000000  -0.17080269   0.00000000
224.70000000  -0.17080269   0.00000000
224.80000000  -0.17080269   0.00000000
224.90000000  -0.17080269   0.00000000
225.00000000  -0.17080269   0.00000000
225.10000000  -0.17080269   0.00000000
225.20000000  -0.17080269   0.00000000
225.30000000  -0.17080269   0.00000000
225.40000000  -0.17080269   0.00000000
225.50000000  -0.17080269   0.00000000
225.60000000  -0.17080269   0.00000000
225.70000000  -0.17080269   0.00000000
225.80000000  -0.17080269   0.00000000
225.90000000  -0.17080269   0.00000000
226.00000000  -0.17080269   0.00000000
226.10000000  -0.17080269   0.00000000
226.20000000  -0.17080269   0.00000000
226.30000000  -0.17080269   0.00000000
226.40000000  -0.17080269   0.00000000
226.50000000  -0.17080269   0.00000000
226.60000000  -0.17080269   0.00000000
226.70000000  -0.17080269   0.00000000
226.80000000  -0.17080269   0.00000000
226.90000000  -0.17080269   0.00000000
227.00000000  -0.17080269   0.00000000
227.10000000  -0.17080269   0.00000000
227.20000000  -0.17080269   0.00000000
227.30000000  -0.17080269   0.00000000
227.40000000  -0.17080269   0.00000000
227.50000000  -0.17080269   0.00000000
227.60000000  -0.17080269   0.00000000
227.70000000  -0.17080269   0.00000000
227.80000000  -0.17080269   0.00000000
227.90000000  -0.17080269   0.00000000
228.00000000  -0.17080269   0.00000000
228.10000000  -0.17080269   0.00000000
228.20000000  -0.17080269   0.00000000
228.30000000  -0.17080269   0.00000000
228.40000000  -0.17080269   0.00000000
228.50000000  -0.17080269   0.00000000
228.60000000  -0.17080269   0.00000000
228.70000000  -0.17080269   0.00000000
228.80000000  -0.17080269   0.00000000
228.90000000  -0.17080269   0.00000000
229.00000000  -0.17080269   0.00000000
229.10000000  -0.17080269   0.00000000
229.20000000  -0.17080269   0.00000000
229.30000000  -0.17080269   0.00000000
229.40000000  -0.17080269   0.00000000
229.50000000  -0.17080269   0.00000000
229.60000000  -0.17080269   0.00000000
229.70000000  -0.17080269   0.00000000
229.80000000  -0.17080269   0.00000000
229.90000000  -0.17080269   0.00000000
230.00000000  -0.17080269   0.00000000
230.10000000  -0.17080269   0.00000000
230.20000000  -0.17080269   0.00000000
230.30000000  -0.17080269   0.00000000
230.40000000  -0.17080269   0.00000000
230.50000000  -0.17080269   0.00000000
230.60000000  -0.17080269   0.00000000
230.70000000  -0.17080269   0.00000000
230.80000000  -0.17080269   0.00000000
230.90000000  -0.17080269   0.00000000
231.00000000  -0.17080269   0.00000000
231.10000000  -0.17080269   0.00000000
231.20000000  -0.17080269   0.00000000
231.30000000  -0.17080269   0.00000000
231.40000000  -0.17080269   0.00000000
231.50000000  -0.17080269   0.00000000
231.60000000  -0.17080269   0.00000000
231.70000000  -0.17080269   0.00000000
231.80000000  -0.17080269   0.00000000
231.90000000  -0.17080269   0.00000000
232.00000000  -0.17080269   0.00000000
232.10000000  -0.17080269   0.00000000
232.20000000  -0.17080269   0.00000000
232.30000000  -0.17080269   0.00000000
232.40000000  -0.17080269   0.00000000
232.50000000  -0.17080269   0.00000000
232.60000000  -0.17080269   0.00000000
232.70000000  -0.17080269   0.00000000
232.80000000  -0.17080269   0.00000000
232.90000000  -0.17080269   0.00000000
233.00000000  -0.17080269   0.00000000
233.10000000  -0.17080269   0.00000000
233.20000000  -0.17080269   0.00000000
233.30000000  -0.17080269   0.00000000
233.40000000  -0.17080269   0.00000000
233.50000000  -0.17080269   0.00000000
233.60000000  -0.17080269   0.00000000
233.70000000  -0.17080269   0.00000000
233.80000000  -0.17080269   0.00000000
233.90000000  -0.17080269   0.00000000
234.00000000  -0.17080269   0.00000000
234.10000000  -0.17080269   0.00000000
234.20000000  -0.17080269   0.00000000
234.30000000  -0.17080269   0.00000000
234.40000000  -0.17080269   0.00000000
234.50000000  -0.17080269   0.00000000
234.60000000  -0.17080269   0.00000000
234.70000000  -0.17080269   0.00000000
234.80000000  -0.17080269   0.00000000
234.90000000  -0.17080269   0.00000000
235.00000000  -0.17080269   0.00000000
235.10000000  -0.17080269   0.00000000
235.20000000  -0.17080269   0.00000000
235.30000000  -0.17080269   0.00000000
235.40000000  -0.17080269   0.00000000
235.50000000  -0.17080269   0.00000000
235.60000000  -0.17080269   0.00000000
235.70000000  -0.17080269   0.00000000
235.80000000  -0.17080269   0.00000000
235.90000000  -0.17080269   0.00000000
236.00000000  -0.17080269   0.00000000
236.10000000  -0.17080269   0.00000000
236.20000000  -0.17080269   0.00000000
236.30000000  -0.17080269   0.00000000
236.40000000  -0.17080269   0.00000000
236.50000000  -0.17080269   0.00000000
236.60000000  -0.17080269   0.00000000
236.70000000  -0.17080269   0.00000000
236.80000000  -0.17080269   0.00000000
236.90000000  -0.17080269   0.00000000
237.00000000  -0.17080269   0.00000000
237.10000000  -0.17080269   0.00000000
237.20000000  -0.17080269   0.00000000
237.30000000  -0.17080269   0.00000000
237.40000000  -0.17080269   0.00000000
237.50000000  -0.17080269   0.00000000
237.60000000  -0.17080269   0.00000000
237.70000000  -0.17080269   0.00000000
237.80000000  -0.17080269   0.00000000
237.90000000  -0.17080269   0.00000000
238.00000000  -0.17080269   0.00000000
238.10000000  -0.17080269   0.00000000
238.20000000  -0.17080269   0.00000000
238.30000000  -0.17080269   0.00000000
238.40000000  -0.17080269   0.00000000
238.50000000  -0.17080269   0.00000000
238.60000000  -0.17080269   0.00000000
238.70000000  -0.17080269   0.00000000
238.80000000  -0.17080269   0.00000000
238.90000000  -0.17080269   0.00000000
239.00000000  -0.17080269   0.00000000
239.10000000  -0.17080269   0.00000000
239.20000000  -0.17080269   0.00000000
239.30000000  -0.17080269   0.00000000
239.40000000  -0.17080269   0.00000000
239.50000000  -0.17080269   0.00000000
239.60000000  -0.17080269   0.00000000
239.70000000  -0.17080269   0.00000000
239.80000000  -0.17080269   0.00000000
239.90000000  -0.17080269   0.00000000
240.00000000  -0.17080269   0.00000000
240.10000000  -0.17080269   0.00000000
240.20000000  -0.17080269   0.00000000
240.30000000  -0.17080269   0.00000000
240.40000000  -0.17080269   0.00000000
240.50000000  -0.17080269   0.00000000
240.60000000  -0.17080269   0.00000000
240.70000000  -0.17080269   0.00000000
240.80000000  -0.17080269   0.00000000
240.90000000  -0.17080269   0.00000000
241.00000000  -0.17080269   0.00000000
241.10000000  -0.17080269   0.00000000
241.20000000  -0.17080269   0.00000000
241.30000000  -0.17080269   0.00000000
241.40000000  -0.17080269   0.00000000
241.50000000  -0.17080269   0.00000000
241.60000000  -0.17080269   0.00000000
241.70000000  -0.17080269   0.00000000
241.80000000  -0.17080269   0.00000000
241.90000000  -0.17080269   0.00000000
242.00000000  -0.17080269   0.00000000
242.10000000  -0.17080269   0.00000000
242.20000000  -0.17080269   0.00000000
242.30000000  -0.17080269   0.00000000
242.40000000  -0.17080269   0.00000000
242.50000000  -0.17080269   0.00000000
242.60000000  -0.17080269   0.00000000
242.70000000  -0.17080269   0.00000000
242.80000000  -0.17080269   0.00000000
242.90000000  -0.17080269   0.00000000
243.00000000  -0.17080269   0.00000000
243.10000000  -0.17080269   0.00000000
243.20000000  -0.17080269   0.00000000
243.30000000  -0.17080269   0.00000000
243.40000000  -0.17080269   0.00000000
243.50000000  -0.17080269   0.00000000
243.60000000  -0.17080269   0.00000000
243.70000000  -0.17080269   0.00000000
243.80000000  -0.17080269   0.00000000
243.90000000  -0.17080269   0.00000000
244.00000000  -0.17080269   0.00000000
244.10000000  -0.17080269   0.00000000
244.20000000  -0.17080269   0.00000000
244.30000000  -0.17080269   0.00000000
244.40000000  -0.17080269   0.00000000
244.50000000  -0.17080269   0.00000000
244.60000000  -0.17080269   0.00000000
244.70000000  -0.17080269   0.00000000
244.80000000  -0.17080269   0.00000000
244.90000000  -0.17080269   0.00000000
245.00000000  -0.17080269   0.00000000
245.10000000  -0.17080269   0.00000000
245.20000000  -0.17080269   0.00000000
245.30000000  -0.17080269   0.00000000
245.40000000  -0.17080269   0.00000000
245.50000000  -0.17080269   0.00000000
245.60000000  -0.17080269   0.00000000
245.70000000  -0.17080269   0.00000000
245.80000000  -0.17080269   0.00000000
245.90000000  -0.17080269   0.00000000
246.00000000  -0.17080269   0.00000000
246.10000000  -0.17080269   0.00000000
246.20000000  -0.17080269   0.00000000
246.30000000  -0.17080269   0.00000000
246.40000000  -0.17080269   0.00000000
246.50000000  -0.17080269   0.00000000
246.60000000  -0.17080269   0.00000000
246.70000000  -0.17080269   0.00000000
246.80000000  -0.17080269   0.00000000
246.90000000  -0.17080269   0.00000000
247.00000000  -0.17080269   0.00000000
247.10000000  -0.17080269   0.00000000
247.20000000  -0.17080269   0.00000000
247.30000000  -0.17080269   0.00000000
247.40000000  -0.17080269   0.00000000
247.50000000  -0.17080269   0.00000000
247.60000000  -0.17080269   0.00000000
247.70000000  -0.17080269   0.00000000
247.80000000  -0.17080269   0.00000000
247.90000000  -0.17080269   0.00000000
248.00000000  -0.17080269   0.00000000
248.10000000  -0.17080269   0.00000000
248.20000000  -0.17080269   0.00000000
248.30000000  -0.17080269   0.00000000
248.40000000  -0.17080269   0.00000000
248.50000000  -0.17080269   0.00000000
248.60000000  -0.17080269   0.00000000
248.70000000  -0.17080269   0.00000000
248.80000000  -0.17080269   0.00000000
248.90000000  -0.17080269   0.00000000
249.00000000  -0.17080269   0.00000000
249.10000000  -0.17080269   0.00000000
249.20000000  -0.17080269   0.00000000
249.30000000  -0.17080269   0.00000000
249.40000000  -0.17080269   0.00000000
249.50000000  -0.17080269   0.00000000
249.60000000  -0.17080269   0.00000000
249.70000000  -0.17080269   0.00000000
249.80000000  -0.17080269   0.00000000
249.90000000  -0.17080269   0.00000000
250.00000000  -0.17080269   0.00000000
250.10000000  -0.17080269   0.00000000
250.20000000  -0.17080269   0.00000000
250.30000000  -0.17080269   0.00000000
250.40000000  -0.17080269   0.00000000
250.50000000  -0.17080269   0.00000000
250.60000000  -0.17080269   0.00000000
250.70000000  -0.17080269   0.00000000
250.80000000  -0.17080269   0.00000000
250.90000000  -0.17080269   0.00000000
251.00000000  -0.17080269   0.00000000
251.10000000  -0.17080269   0.00000000
251.20000000  -0.17080269   0.00000000
251.30000000  -0.17080269   0.00000000
251.40000000  -0.17080269   0.00000000
251.50000000  -0.17080269   0.00000000
251.60000000  -0.17080269   0.00000000
251.70000000  -0.17080269   0.00000000
251.80000000  -0.17080269   0.00000000
251.90000000  -0.17080269   0.00000000
252.00000000  -0.17080269   0.00000000
252.10000000  -0.17080269   0.00000000
252.20000000  -0.17080269   0.00000000
252.30000000  -0.17080269   0.00000000
252.40000000  -0.17080269   0.00000000
252.50000000  -0.17080269   0.00000000
252.60000000  -0.17080269   0.00000000
252.70000000  -0.17080269   0.00000000
252.80000000  -0.17080269   0.00000000
252.90000000  -0.17080269   0.00000000
253.00000000  -0.17080269   0.00000000
253.10000000  -0.17080269   0.00000000
253.20000000  -0.17080269   0.00000000
253.30000000  -0.17080269   0.00000000
253.40000000  -0.17080269   0.00000000
253.50000000  -0.17080269   0.00000000
253.60000000  -0.17080269   0.00000000
253.70000000  -0.17080269   0.00000000
253.80000000  -0.17080269   0.00000000
253.90000000  -0.17080269   0.00000000
254.00000000  -0.17080269   0.00000000
254.10000000  -0.17080269   0.00000000
254.20000000  -0.17080269   0.00000000
254.30000000  -0.17080269   0.00000000
254.40000000  -0.17080269   0.00000000
254.50000000  -0.17080269   0.00000000
254.60000000  -0.17080269   0.00000000
254.70000000  -0.17080269   0.00000000
254.80000000  -0.17080269   0.00000000
254.90000000  -0.17080269   0.00000000
255.00000000  -0.17080269   0.00000000
255.10000000  -0.17080269   0.00000000
255.20000000  -0.17080269   0.00000000
255.30000000  -0.17080269   0.00000000
255.40000000  -0.17080269   0.00000000
255.50000000  -0.17080269   0.00000000
255.60000000  -0.17080269   0.00000000
255.70000000  -0.17080269   0.00000000
255.80000000  -0.17080269   0.00000000
255.90000000  -0.17080269   0.00000000
256.00000000  -0.17080269   0.00000000
256.10000000  -0.17080269   0.00000000
256.20000000  -0.17080269   0.00000000
256.30000000  -0.17080269   0.00000000
256.40000000  -0.17080269   0.00000000
256.50000000  -0.17080269   0.00000000
256.60000000  -0.17080269   0.00000000
256.70000000  -0.17080269   0.00000000
256.80000000  -0.17080269   0.00000000
256.90000000  -0.17080269   0.00000000
257.00000000  -0.17080269   0.00000000
257.10000000  -0.17080269   0.00000000
257.20000000  -0.17080269   0.00000000
257.30000000  -0.17080269   0.00000000
257.40000000  -0.17080269   0.00000000
257.50000000  -0.17080269   0.00000000
257.60000000  -0.17080269   0.00000000
257.70000000  -0.17080269   0.00000000
257.80000000  -0.17080269   0.00000000
257.90000000  -0.17080269   0.00000000
258.00000000  -0.17080269   0.00000000
258.10000000  -0.17080269   0.00000000
258.20000000  -0.17080269   0.00000000
258.30000000  -0.17080269   0.00000000
258.40000000  -0.17080269   0.00000000
258.50000000  -0.17080269   0.00000000
258.60000000  -0.17080269   0.00000000
258.70000000  -0.17080269   0.00000000
258.80000000  -0.17080269   0.00000000
258.90000000  -0.17080269   0.00000000
259.00000000  -0.17080269   0.00000000
259.10000000  -0.17080269   0.00000000
259.20000000  -0.17080269   0.00000000
259.30000000  -0.17080269   0.00000000
259.40000000  -0.17080269   0.00000000
259.50000000  -0.17080269   0.00000000
259.60000000  -0.17080269   0.00000000
259.70000000  -0.17080269   0.00000000
259.80000000  -0.17080269   0.00000000
259.90000000  -0.17080269   0.00000000
260.00000000  -0.17080269   0.00000000
260.10000000  -0.17080269   0.00000000
260.20000000  -0.17080269   0.00000000
260.30000000  -0.17080269   0.00000000
260.40000000  -0.17080269   0.00000000
260.50000000  -0.17080269   0.00000000
260.60000000  -0.17080269   0.00000000
260.70000000  -0.17080269   0.00000000
260.80000000  -0.17080269   0.00000000
260.90000000  -0.17080269   0.00000000
261.00000000  -0.17080269   0.00000000
261.10000000  -0.17080269   0.00000000
261.20000000  -0.17080269   0.00000000
261.30000000  -0.17080269   0.00000000
261.40000000  -0.17080269   0.00000000
261.50000000  -0.17080269   0.00000000
261.60000000  -0.17080269   0.00000000
261.70000000  -0.17080269   0.00000000
261.80000000  -0.17080269   0.00000000
261.90000000  -0.17080269   0.00000000
262.00000000  -0.17080269   0.00000000
262.10000000  -0.17080269   0.00000000
262.20000000  -0.17080269   0.00000000
262.30000000  -0.17080269   0.00000000
262.40000000  -0.17080269   0.00000000
262.50000000  -0.17080269   0.00000000
262.60000000  -0.17080269   0.00000000
262.70000000  -0.17080269   0.00000000
262.80000000  -0.17080269   0.00000000
262.90000000  -0.17080269   0.00000000
263.00000000  -0.17080269   0.00000000
263.10000000  -0.17080269   0.00000000
263.20000000  -0.17080269   0.00000000
263.30000000  -0.17080269   0.00000000
263.40000000  -0.17080269   0.00000000
263.50000000  -0.17080269   0.00000000
263.60000000  -0.17080269   0.00000000
263.70000000  -0.17080269   0.00000000
263.80000000  -0.17080269   0.00000000
263.90000000  -0.17080269   0.00000000
264.00000000  -0.17080269   0.00000000
264.10000000  -0.17080269   0.00000000
264.20000000  -0.17080269   0.00000000
264.30000000  -0.17080269   0.00000000
264.40000000  -0.17080269   0.00000000
264.50000000  -0.17080269   0.00000000
264.60000000  -0.17080269   0.00000000
264.70000000  -0.17080269   0.00000000
264.80000000  -0.17080269   0.00000000
264.90000000  -0.17080269   0.00000000
265.00000000  -0.17080269   0.00000000
265.10000000  -0.17080269   0.00000000
265.20000000  -0.17080269   0.00000000
265.30000000  -0.17080269   0.00000000
265.40000000  -0.17080269   0.00000000
265.50000000  -0.17080269   0.00000000
265.60000000  -0.17080269   0.00000000
265.70000000  -0.17080269   0.00000000
265.80000000  -0.17080269   0.00000000
265.90000000  -0.17080269   0.00000000
266.00000000  -0.17080269   0.00000000
266.10000000  -0.17080269   0.00000000
266.20000000  -0.17080269   0.00000000
266.30000000  -0.17080269   0.00000000
266.40000000  -0.17080269   0.00000000
266.50000000  -0.17080269   0.00000000
266.60000000  -0.17080269   0.00000000
266.70000000  -0.17080269   0.00000000
266.80000000  -0.17080269   0.00000000
266.90000000  -0.17080269   0.00000000
267.00000000  -0.17080269   0.00000000
267.10000000  -0.17080269   0.00000000
267.20000000  -0.17080269   0.00000000
267.30000000  -0.17080269   0.00000000
267.40000000  -0.17080269   0.00000000
267.50000000  -0.17080269   0.00000000
267.60000000  -0.17080269   0.00000000
267.70000000  -0.17080269   0.00000000
267.80000000  -0.17080269   0.00000000
267.90000000  -0.17080269   0.00000000
268.00000000  -0.17080269   0.00000000
268.10000000  -0.17080269   0.00000000
268.20000000  -0.17080269   0.00000000
268.30000000  -0.17080269   0.00000000
268.40000000  -0.17080269   0.00000000
268.50000000  -0.17080269   0.00000000
268.60000000  -0.17080269   0.00000000
268.70000000  -0.17080269   0.00000000
268.80000000  -0.17080269   0.00000000
268.90000000  -0.17080269   0.00000000
269.00000000  -0.17080269   0.00000000
269.10000000  -0.17080269   0.00000000
269.20000000  -0.17080269   0.00000000
269.30000000  -0.17080269   0.00000000
269.40000000  -0.17080269   0.00000000
269.50000000  -0.17080269   0.00000000
269.60000000  -0.17080269   0.00000000
269.70000000  -0.17080269   0.00000000
269.80000000  -0.17080269   0.00000000
269.90000000  -0.17080269   0.00000000
270.00000000  -0.17080269   0.00000000
270.10000000  -0.17080269   0.00000000
270.20000000  -0.17080269   0.00000000
270.30000000  -0.17080269   0.00000000
270.40000000  -0.17080269   0.00000000
270.50000000  -0.17080269   0.00000000
270.60000000  -0.17080269   0.00000000
270.70000000  -0.17080269   0.00000000
270.80000000  -0.17080269   0.00000000
270.90000000  -0.17080269   0.00000000
271.00000000  -0.17080269   0.00000000
271.10000000  -0.17080269   0.00000000
271.20000000  -0.17080269   0.00000000
271.30000000  -0.17080269   0.00000000
271.40000000  -0.17080269   0.00000000
271.50000000  -0.17080269   0.00000000
271.60000000  -0.17080269   0.00000000
271.70000000  -0.17080269   0.00000000
271.80000000  -0.17080269   0.00000000
271.90000000  -0.17080269   0.00000000
272.00000000  -0.17080269   0.00000000
272.10000000  -0.17080269   0.00000000
272.20000000  -0.17080269   0.00000000
272.30000000  -0.17080269   0.00000000
272.40000000  -0.17080269   0.00000000
272.50000000  -0.17080269   0.00000000
272.60000000  -0.17080269   0.00000000
272.70000000  -0.17080269   0.00000000
272.80000000  -0.17080269   0.00000000
272.90000000  -0.17080269   0.00000000
273.00000000  -0.17080269   0.00000000
273.10000000  -0.17080269   0.00000000
273.20000000  -0.17080269   0.00000000
273.30000000  -0.17080269   0.00000000
273.40000000  -0.17080269   0.00000000
273.50000000  -0.17080269   0.00000000
273.60000000  -0.17080269   0.00000000
273.70000000  -0.17080269   0.00000000
273.80000000  -0.17080269   0.00000000
273.90000000  -0.17080269   0.00000000
274.00000000  -0.17080269   0.00000000
274.10000000  -0.17080269   0.00000000
274.20000000  -0.17080269   0.00000000
274.30000000  -0.17080269   0.00000000
274.40000000  -0.17080269   0.00000000
274.50000000  -0.17080269   0.00000000
274.60000000  -0.17080269   0.00000000
274.70000000  -0.17080269   0.00000000
274.80000000  -0.17080269   0.00000000
274.90000000  -0.17080269   0.00000000
275.00000000  -0.17080269   0.00000000
275.10000000  -0.17080269   0.00000000
275.20000000  -0.17080269   0.00000000
275.30000000  -0.17080269   0.00000000
275.40000000  -0.17080269   0.00000000
275.50000000  -0.17080269   0.00000000
275.60000000  -0.17080269   0.00000000
275.70000000  -0.17080269   0.00000000
275.80000000  -0.17080269   0.00000000
275.90000000  -0.17080269   0.00000000
276.00000000  -0.17080269   0.00000000
276.10000000  -0.17080269   0.00000000
276.20000000  -0.17080269   0.00000000
276.30000000  -0.17080269   0.00000000
276.40000000  -0.17080269   0.00000000
276.50000000  -0.17080269   0.00000000
276.60000000  -0.17080269   0.00000000
276.70000000  -0.17080269   0.00000000
276.80000000  -0.17080269   0.00000000
276.90000000  -0.17080269   0.00000000
277.00000000  -0.17080269   0.00000000
277.10000000  -0.17080269   0.00000000
277.20000000  -0.17080269   0.00000000
277.30000000  -0.17080269   0.00000000
277.40000000  -0.17080269   0.00000000
277.50000000  -0.17080269   0.00000000
277.60000000  -0.17080269   0.00000000
277.70000000  -0.17080269   0.00000000
277.80000000  -0.17080269   0.00000000
277.90000000  -0.17080269   0.00000000
278.00000000  -0.17080269   0.00000000
278.10000000  -0.17080269   0.00000000
278.20000000  -0.17080269   0.00000000
278.30000000  -0.17080269   0.00000000
278.40000000  -0.17080269   0.00000000
278.50000000  -0.17080269   0.00000000
278.60000000  -0.17080269   0.00000000
278.70000000  -0.17080269   0.00000000
278.80000000  -0.17080269   0.00000000
278.90000000  -0.17080269   0.00000000
279.00000000  -0.17080269   0.00000000
279.10000000  -0.17080269   0.00000000
279.20000000  -0.17080269   0.00000000
279.30000000  -0.17080269   0.00000000
279.40000000  -0.17080269   0.00000000
279.50000000  -0.17080269   0.00000000
279.60000000  -0.17080269   0.00000000
279.70000000  -0.17080269   0.00000000
279.80000000  -0.17080269   0.00000000
279.90000000  -0.17080269   0.00000000
280.00000000  -0.17080269   0.00000000
280.10000000  -0.17080269   0.00000000
280.20000000  -0.17080269   0.00000000
280.30000000  -0.17080269   0.00000000
280.40000000  -0.17080269   0.00000000
280.50000000  -0.17080269   0.00000000
280.60000000  -0.17080269   0.00000000
280.70000000  -0.17080269   0.00000000
280.80000000  -0.17080269   0.00000000
280.90000000  -0.17080269   0.00000000
281.00000000  -0.17080269   0.00000000
281.10000000  -0.17080269   0.00000000
281.20000000  -0.17080269   0.00000000
281.30000000  -0.17080269   0.00000000
281.40000000  -0.17080269   0.00000000
281.50000000  -0.17080269   0.00000000
281.60000000  -0.17080269   0.00000000
281.70000000  -0.17080269   0.00000000
281.80000000  -0.17080269   0.00000000
281.90000000  -0.17080269   0.00000000
282.00000000  -0.17080269   0.00000000
282.10000000  -0.17080269   0.00000000
282.20000000  -0.17080269   0.00000000
282.30000000  -0.17080269   0.00000000
282.40000000  -0.17080269   0.00000000
282.50000000  -0.17080269   0.00000000
282.60000000  -0.17080269   0.00000000
282.70000000  -0.17080269   0.00000000
282.80000000  -0.17080269   0.00000000
282.90000000  -0.17080269   0.00000000
283.00000000  -0.17080269   0.00000000
283.10000000  -0.17080269   0.00000000
283.20000000  -0.17080269   0.00000000
283.30000000  -0.17080269   0.00000000
283.40000000  -0.17080269   0.00000000
283.50000000  -0.17080269   0.00000000
283.60000000  -0.17080269   0.00000000
283.70000000  -0.17080269   0.00000000
283.80000000  -0.17080269   0.00000000
283.90000000  -0.17080269   0.00000000
284.00000000  -0.17080269   0.00000000
284.10000000  -0.17080269   0.00000000
284.20000000  -0.17080269   0.00000000
284.30000000  -0.17080269   0.00000000
284.40000000  -0.17080269   0.00000000
