{
  "background_0": {
    "best": 7.263015597819286e-07,
    "index": 1,
    "integer": false,
    "label": "background_0",
    "mean": 1.8761050587754142e-06,
    "median": 1.493276400679167e-06,
    "p68": [
      5.203737335383555e-07,
      3.2368952072909515e-06
    ],
    "p68_range": [
      5.203737335383555e-07,
      3.2368952072909515e-06
    ],
    "p95": [
      6.132671940860925e-08,
      5.822404804300195e-06
    ],
    "p95_range": [
      6.132671940860925e-08,
      5.822404804300195e-06
    ],
    "std": 1.4355626184029757e-06
  },
  "background_1": {
    "best": 2.504684919405543e-06,
    "index": 17,
    "integer": false,
    "label": "background_1",
    "mean": 4.915191469596128e-06,
    "median": 4.831633258708619e-06,
    "p68": [
      2.452518960287345e-06,
      7.524354344096233e-06
    ],
    "p68_range": [
      2.452518960287345e-06,
      7.524354344096233e-06
    ],
    "p95": [
      3.76664423274892e-07,
      9.460541443894149e-06
    ],
    "p95_range": [
      3.76664423274892e-07,
      9.460541443894149e-06
    ],
    "std": 2.3643740048961146e-06
  },
  "bilayer_roughness": {
    "best": 5.213591316053026,
    "index": 15,
    "integer": false,
    "label": "bilayer_roughness",
    "mean": 4.839161126435761,
    "median": 4.74348115170409,
    "p68": [
      2.8786403399372555,
      6.822686215550875
    ],
    "p68_range": [
      2.8786403399372555,
      6.822686215550875
    ],
    "p95": [
      2.111112113687672,
      8.419694961433128
    ],
    "p95_range": [
      2.111112113687672,
      8.419694961433128
    ],
    "std": 1.7824491952391888
  },
  "inner_acyl_chain_thickness": {
    "best": 14.817731482086408,
    "index": 12,
    "integer": false,
    "label": "inner_acyl_chain_thickness",
    "mean": 12.194112661269676,
    "median": 12.100087234358458,
    "p68": [
      9.916516494925446,
      14.666019521088382
    ],
    "p68_range": [
      9.916516494925446,
      14.666019521088382
    ],
    "p95": [
      8.415855921357439,
      15.838660810240544
    ],
    "p95_range": [
      8.415855921357439,
      15.838660810240544
    ],
    "std": 2.089222659006437
  },
  "intensity": {
    "best": 1.0253149795794416,
    "index": 2,
    "integer": false,
    "label": "intensity",
    "mean": 0.978005197314807,
    "median": 0.9787321879577358,
    "p68": [
      0.9320234531825018,
      1.0241844979805714
    ],
    "p68_range": [
      0.9320234531825018,
      1.0241844979805714
    ],
    "p95": [
      0.9054680235821281,
      1.046747423715735
    ],
    "p95_range": [
      0.9054680235821281,
      1.046747423715735
    ],
    "std": 0.04128617549890907
  },
  "outer_acyl_chain_thickness": {
    "best": 10.45380786839869,
    "index": 13,
    "integer": false,
    "label": "outer_acyl_chain_thickness",
    "mean": 12.194602960988858,
    "median": 12.129263294333093,
    "p68": [
      9.657128366940386,
      14.875284822617527
    ],
    "p68_range": [
      9.657128366940386,
      14.875284822617527
    ],
    "p95": [
      8.242361364542742,
      15.747455837853384
    ],
    "p95_range": [
      8.242361364542742,
      15.747455837853384
    ],
    "std": 2.2711703249821364
  },
  "rho_siox": {
    "best": 3.664466241754585,
    "index": 6,
    "integer": false,
    "label": "rho_siox",
    "mean": 3.724344651385609,
    "median": 3.5724498794146116,
    "p68": [
      3.211510217108188,
      4.327339122215045
    ],
    "p68_range": [
      3.211510217108188,
      4.327339122215045
    ],
    "p95": [
      3.118329649881731,
      4.974335919620011
    ],
    "p95_range": [
      3.118329649881731,
      4.974335919620011
    ],
    "std": 0.5220380240455252
  },
  "rho_solv_0": {
    "best": 5.781774155171338,
    "index": 10,
    "integer": false,
    "label": "rho_solv_0",
    "mean": 5.949990268291109,
    "median": 5.953025535672779,
    "p68": [
      5.734565216412993,
      6.179208238600776
    ],
    "p68_range": [
      5.734565216412993,
      6.179208238600776
    ],
    "p95": [
      5.532990194635994,
      6.30823887076521
    ],
    "p95_range": [
      5.532990194635994,
      6.30823887076521
    ],
    "std": 0.21328462851938712
  },
  "rho_solv_1": {
    "best": -0.08867320726569752,
    "index": 18,
    "integer": false,
    "label": "rho_solv_1",
    "mean": -0.04009121374763842,
    "median": -0.07318390172534024,
    "p68": [
      -0.4112679924076047,
      0.34687913383135976
    ],
    "p68_range": [
      -0.4112679924076047,
      0.34687913383135976
    ],
    "p95": [
      -0.5790117654284688,
      0.5358680534233149
    ],
    "p95_range": [
      -0.5790117654284688,
      0.5358680534233149
    ],
    "std": 0.32775966341932583
  },
  "rho_tiox": {
    "best": 2.29711146837509,
    "index": 8,
    "integer": false,
    "label": "rho_tiox",
    "mean": 2.198401716932919,
    "median": 2.251968292416264,
    "p68": [
      1.9243420599996646,
      2.4518218716731663
    ],
    "p68_range": [
      1.9243420599996646,
      2.4518218716731663
    ],
    "p95": [
      1.4709266552628761,
      2.594094242112915
    ],
    "p95_range": [
      1.4709266552628761,
      2.594094242112915
    ],
    "std": 0.27333540553013325
  },
  "sample_broadening": {
    "best": 0.006467203770818398,
    "index": 3,
    "integer": false,
    "label": "sample_broadening",
    "mean": 0.00712485909645561,
    "median": 0.006962131186302386,
    "p68": [
      -0.0011323937189786739,
      0.01575371032828051
    ],
    "p68_range": [
      -0.0011323937189786739,
      0.01575371032828051
    ],
    "p95": [
      -0.004391604452840951,
      0.01934681740332
    ],
    "p95_range": [
      -0.004391604452840951,
      0.01934681740332
    ],
    "std": 0.007132867279105051
  },
  "siox_interface": {
    "best": 5.512920798232867,
    "index": 5,
    "integer": false,
    "label": "siox_interface",
    "mean": 6.383918451596723,
    "median": 6.721053370419678,
    "p68": [
      4.166811883180006,
      8.361280224020652
    ],
    "p68_range": [
      4.166811883180006,
      8.361280224020652
    ],
    "p95": [
      2.3669806084697114,
      8.9272549381597
    ],
    "p95_range": [
      2.3669806084697114,
      8.9272549381597
    ],
    "std": 1.8895280580763418
  },
  "siox_thickness": {
    "best": 7.0873035122659305,
    "index": 7,
    "integer": false,
    "label": "siox_thickness",
    "mean": 15.820862573399875,
    "median": 12.551533410030935,
    "p68": [
      6.409024633290304,
      27.824501037037354
    ],
    "p68_range": [
      6.409024633290304,
      27.824501037037354
    ],
    "p95": [
      5.178414908063703,
      36.88841556668349
    ],
    "p95_range": [
      5.178414908063703,
      36.88841556668349
    ],
    "std": 9.81190172149126
  },
  "submembrane_thickness": {
    "best": 13.422128670994518,
    "index": 14,
    "integer": false,
    "label": "submembrane_thickness",
    "mean": 18.10409469522149,
    "median": 17.097563199471708,
    "p68": [
      12.19182511958475,
      24.642880686788182
    ],
    "p68_range": [
      12.19182511958475,
      24.642880686788182
    ],
    "p95": [
      9.049668482148022,
      30.645985406269237
    ],
    "p95_range": [
      9.049668482148022,
      30.645985406269237
    ],
    "std": 6.164645292224983
  },
  "theta_offset": {
    "best": -0.008189324420762917,
    "index": 4,
    "integer": false,
    "label": "theta_offset",
    "mean": -0.004481586038278113,
    "median": -0.0034283358695133695,
    "p68": [
      -0.012493424638104338,
      0.002460456032828749
    ],
    "p68_range": [
      -0.012493424638104338,
      0.002460456032828749
    ],
    "p95": [
      -0.014686012400406954,
      0.004337210119935001
    ],
    "p95_range": [
      -0.014686012400406954,
      0.004337210119935001
    ],
    "std": 0.006007498529481475
  },
  "tiox_roughness": {
    "best": 5.123869381519108,
    "index": 11,
    "integer": false,