{
  "background0": {
    "best": 0.15898960266237133,
    "index": 1,
    "integer": false,
    "label": "background0",
    "mean": 0.15899984719840018,
    "median": 0.15899428733048476,
    "p68": [
      0.15892787132103187,
      0.15908243251195028
    ],
    "p68_range": [
      0.15892787132103187,
      0.15908243251195028
    ],
    "p95": [
      0.15885795965411856,
      0.1591349391575095
    ],
    "p95_range": [
      0.15885795965411856,
      0.1591349391575095
    ],
    "std": 7.547166442869146e-05
  },
  "background1": {
    "best": 0.29557172419699146,
    "index": 7,
    "integer": false,
    "label": "background1",
    "mean": 0.29553194081609074,
    "median": 0.295534052611184,
    "p68": [
      0.29543416380942183,
      0.2956157681550447
    ],
    "p68_range": [
      0.29543416380942183,
      0.2956157681550447
    ],
    "p95": [
      0.2953749103296847,
      0.29569679549003497
    ],
    "p95_range": [
      0.2953749103296847,
      0.29569679549003497
    ],
    "std": 8.63478996616541e-05
  },
  "radius": {
    "best": 59.96899405928225,
    "index": 2,
    "integer": false,
    "label": "radius",
    "mean": 62.58374132351361,
    "median": 61.50424992623718,
    "p68": [
      59.73485294183647,
      65.56059745867161
    ],
    "p68_range": [
      59.73485294183647,
      65.56059745867161
    ],
    "p95": [
      58.984401836195204,
      71.96380886430411
    ],
    "p95_range": [
      58.984401836195204,
      71.96380886430411
    ],
    "std": 3.3242582856099974
  },
  "radius_pd": {
    "best": 0.49868618695512634,
    "index": 3,
    "integer": false,
    "label": "radius_pd",
    "mean": 0.46174760475388654,
    "median": 0.47513367541875806,
    "p68": [
      0.4262739554538859,
      0.49329374001310067
    ],
    "p68_range": [
      0.4262739554538859,
      0.49329374001310067
    ],
    "p95": [
      0.3514050038687844,
      0.49923027392292463
    ],
    "p95_range": [
      0.3514050038687844,
      0.49923027392292463
    ],
    "std": 0.03900315276875166
  },
  "scale": {
    "best": 0.004306381382267258,
    "index": 4,
    "integer": false,
    "label": "scale",
    "mean": 0.002424413897992076,
    "median": 0.0020301601408901733,
    "p68": [
      0.0011773198986039727,
      0.00379214243140239
    ],
    "p68_range": [
      0.0011773198986039727,
      0.00379214243140239
    ],
    "p95": [
      0.0010528318245681236,
      0.0059183809984468825
    ],
    "p95_range": [
      0.0010528318245681236,
      0.0059183809984468825
    ],
    "std": 0.0013541537473667944
  },
  "sld": {
    "best": 3.371869806410105,
    "index": 5,
    "integer": false,
    "label": "sld",
    "mean": 2.930385641529902,
    "median": 2.833333778495831,
    "p68": [
      2.2865968050931285,
      3.698504919405698
    ],
    "p68_range": [
      2.2865968050931285,
      3.698504919405698
    ],
    "p95": [
      2.053007637120025,
      3.962215041270577
    ],
    "p95_range": [
      2.053007637120025,
      3.962215041270577
    ],
    "std": 0.5756885027558631
  },
  "sld_solvent0": {
    "best": 4.056954984551182,
    "index": 6,
    "integer": false,
    "label": "sld_solvent0",
    "mean": 3.1031026277940947,
    "median": 3.4349579088508695,
    "p68": [
      1.4751285070414448,
      4.515256722473987
    ],
    "p68_range": [
      1.4751285070414448,
      4.515256722473987
    ],
    "p95": [
      1.010024495840916,
      5.312141705550992
    ],
    "p95_range": [
      1.010024495840916,
      5.312141705550992
    ],
    "std": 1.2847656800586922
  },
  "sld_solvent1": {
    "best": 3.5146097969653463,
    "index": 8,
    "integer": false,
    "label": "sld_solvent1",
    "mean": 2.916833691001286,
    "median": 2.846382828828348,
    "p68": [
      2.2747405543150054,
      3.571576916293481
    ],
    "p68_range": [
      2.2747405543150054,
      3.571576916293481
    ],
    "p95": [
      1.8558563757544972,
      4.181301026501243
    ],
    "p95_range": [
      1.8558563757544972,
      4.181301026501243
    ],
    "std": 0.6195457876061939
  }
}