{
  "background0": {
    "best": 0.15898206595370232,
    "index": 1,
    "integer": false,
    "label": "background0",
    "mean": 0.15899677853870728,
    "median": 0.1589938054266208,
    "p68": [
      0.15893915010738924,
      0.15906541365166738
    ],
    "p68_range": [
      0.15893915010738924,
      0.15906541365166738
    ],
    "p95": [
      0.15886149167582084,
      0.15912410105713823
    ],
    "p95_range": [
      0.15886149167582084,
      0.15912410105713823
    ],
    "std": 6.411973047816166e-05
  },
  "background1": {
    "best": 0.29549599599756093,
    "index": 7,
    "integer": false,
    "label": "background1",
    "mean": 0.29554132191501437,
    "median": 0.2955411382047348,
    "p68": [
      0.2954578302665914,
      0.2956165927975339
    ],
    "p68_range": [
      0.2954578302665914,
      0.2956165927975339
    ],
    "p95": [
      0.295377214832186,
      0.29570721656947985
    ],
    "p95_range": [
      0.295377214832186,
      0.29570721656947985
    ],
    "std": 8.337604508004001e-05
  },
  "radius": {
    "best": 59.44721804411236,
    "index": 2,
    "integer": false,
    "label": "radius",
    "mean": 62.99668314770515,
    "median": 61.797430232815145,
    "p68": [
      59.57781106066023,
      66.30862867274716
    ],
    "p68_range": [
      59.57781106066023,
      66.30862867274716
    ],
    "p95": [
      57.98609283538349,
      73.0658537345111
    ],
    "p95_range": [
      57.98609283538349,
      73.0658537345111
    ],
    "std": 4.021888599131683
  },
  "radius_pd": {
    "best": 0.4986595182327275,
    "index": 3,
    "integer": false,
    "label": "radius_pd",
    "mean": 0.4570083427829355,
    "median": 0.4756698416463792,
    "p68": [
      0.4151328792761707,
      0.49669931939491185
    ],
    "p68_range": [
      0.4151328792761707,
      0.49669931939491185
    ],
    "p95": [
      0.3458246026592779,
      0.499097418801302
    ],
    "p95_range": [
      0.3458246026592779,
      0.499097418801302
    ],
    "std": 0.046991880792906476
  },
  "scale": {
    "best": 0.0018007867518932635,
    "index": 4,
    "integer": false,
    "label": "scale",
    "mean": 0.0027359183070928216,
    "median": 0.002414382942447332,
    "p68": [
      0.0013834184562983038,
      0.004358969360866288
    ],
    "p68_range": [
      0.0013834184562983038,
      0.004358969360866288
    ],
    "p95": [
      0.0010730460032648914,
      0.005795407902549711
    ],
    "p95_range": [
      0.0010730460032648914,
      0.005795407902549711
    ],
    "std": 0.0013919818427988416
  },
  "sld": {
    "best": 3.9345719829830585,
    "index": 5,
    "integer": false,
    "label": "sld",
    "mean": 2.974881317388552,
    "median": 2.871248528499823,
    "p68": [
      2.201735241196945,
      3.7195954481411437
    ],
    "p68_range": [
      2.201735241196945,
      3.7195954481411437
    ],
    "p95": [
      2.032165206380511,
      3.9729009268535793
    ],
    "p95_range": [
      2.032165206380511,
      3.9729009268535793
    ],
    "std": 0.6468861327892741
  },
  "sld_solvent0": {
    "best": 5.000024230366176,
    "index": 6,
    "integer": false,
    "label": "sld_solvent0",
    "mean": 2.7382788637507045,
    "median": 2.6346775552534525,
    "p68": [
      1.3945361103439642,
      4.2067399610664085
    ],
    "p68_range": [
      1.3945361103439642,
      4.2067399610664085
    ],
    "p95": [
      0.956120494714199,
      5.007663797900713
    ],
    "p95_range": [
      0.956120494714199,
      5.007663797900713
    ],
    "std": 1.1952852595354848
  },
  "sld_solvent1": {
    "best": 4.157342234347247,
    "index": 8,
    "integer": false,
    "label": "sld_solvent1",
    "mean": 2.98498909195338,
    "median": 2.833415649628124,
    "p68": [
      2.3259209661400475,
      3.7346305316607618
    ],
    "p68_range": [
      2.3259209661400475,
      3.7346305316607618
    ],
    "p95": [
      1.909159688050336,
      4.060502539664423
    ],
    "p95_range": [
      1.909159688050336,
      4.060502539664423
    ],
    "std": 0.6541922982861229
  }
}